accession,variant,type,gi,sequence,taxid,organism
NP_001027352.1,canonical_H4,H4,78707094,MTGRGKGGKGLGKGGAKRHRKVLRDNIQGITKPAIRRLARRGGVKRISGLIYEETRGVLKVFLENVIRDAVTYTEHAKRKTVTALDVVYALKRQGRTLYGFGG,7227,Drosophila melanogaster
NP_001029249.1,canonical_H4,H4,77539758,MSGRGKGGKGLGKGGAKRHRKVLRDNIQGITKPAIRRLARRGGVKRISGLIYEETRGVLKVFLENVIRDAVTYTEHAKRKTVTAMDVVYALKRQGRTLYGFGG,9606,Homo sapiens
NP_001032934.1,canonical_H4,H4,83745133,MSGRGKGGKGLGKGGAKRHRKVLRDNIQGITKPAIRRLARRGGVKRISGLIYEETRGVLKVFLENVIRDAVTYTEHAKRKTVTAMDVVYALKRQGRTLYGFGG,9031,Gallus gallus
NP_001087926.1,canonical_H4,H4,148228507,MSGRGKGGKGLGKGGAKRHRKVLRDNIQGITKPAIRRLARRGGVKRISGLIYEETRGVLKVFLENVIRDAVTYTEHAKRKTVTAMDVVYALKRQGRTLYGFGG,8355,Xenopus laevis
NP_001131585.1,canonical_H4,H4,212722314,MSGRGKGGKGLGKGGAKRHRKVLRDNIQGITKPAIRRLARRGGVKRISGLIYEETRGVLKIFLENVIRDAVTYTEHARRKTVTAMDVVYALKRQGRTLYGFGG,4577,Zea mays
NP_003486.1,canonical_H4,H4,4504321,MSGRGKGGKGLGKGGAKRHRKVLRDNIQGITKPAIRRLARRGGVKRISGLIYEETRGVLKVFLENVIRDAVTYTEHAKRKTVTAMDVVYALKRQGRTLYGFGG,9606,Homo sapiens
NP_003529.1,canonical_H4,H4,4504301,MSGRGKGGKGLGKGGAKRHRKVLRDNIQGITKPAIRRLARRGGVKRISGLIYEETRGVLKVFLENVIRDAVTYTEHAKRKTVTAMDVVYALKRQGRTLYGFGG,9606,Homo sapiens
NP_003530.1,canonical_H4,H4,4504303,MSGRGKGGKGLGKGGAKRHRKVLRDNIQGITKPAIRRLARRGGVKRISGLIYEETRGVLKVFLENVIRDAVTYTEHAKRKTVTAMDVVYALKRQGRTLYGFGG,9606,Homo sapiens
NP_003531.1,canonical_H4,H4,4504305,MSGRGKGGKGLGKGGAKRHRKVLRDNIQGITKPAIRRLARRGGVKRISGLIYEETRGVLKVFLENVIRDAVTYTEHAKRKTVTAMDVVYALKRQGRTLYGFGG,9606,Homo sapiens
NP_003532.1,canonical_H4,H4,4504307,MSGRGKGGKGLGKGGAKRHRKVLRDNIQGITKPAIRRLARRGGVKRISGLIYEETRGVLKVFLENVIRDAVTYTEHAKRKTVTAMDVVYALKRQGRTLYGFGG,9606,Homo sapiens
NP_003533.1,canonical_H4,H4,4504309,MSGRGKGGKGLGKGGAKRHRKVLRDNIQGITKPAIRRLARRGGVKRISGLIYEETRGVLKVFLENVIRDAVTYTEHAKRKTVTAMDVVYALKRQGRTLYGFGG,9606,Homo sapiens
NP_003534.1,canonical_H4,H4,4504311,MSGRGKGGKGLGKGGAKRHRKVLRDNIQGITKPAIRRLARRGGVKRISGLIYEETRGVLKVFLENVIRDAVTYTEHAKRKTVTAMDVVYALKRQGRTLYGFGG,9606,Homo sapiens
NP_003535.1,canonical_H4,H4,4504313,MSGRGKGGKGLGKGGAKRHRKVLRDNIQGITKPAIRRLARRGGVKRISGLIYEETRGVLKVFLENVIRDAVTYTEHAKRKTVTAMDVVYALKRQGRTLYGFGG,9606,Homo sapiens
NP_003536.1,canonical_H4,H4,4504315,MSGRGKGGKGLGKGGAKRHRKVLRDNIQGITKPAIRRLARRGGVKRISGLIYEETRGVLKVFLENVIRDAVTYTEHAKRKTVTAMDVVYALKRQGRTLYGFGG,9606,Homo sapiens
NP_003537.1,canonical_H4,H4,4504317,MSGRGKGGKGLGKGGAKRHRKVLRDNIQGITKPAIRRLARRGGVKRISGLIYEETRGVLKVFLENVIRDAVTYTEHAKRKTVTAMDVVYALKRQGRTLYGFGG,9606,Homo sapiens
NP_003538.1,canonical_H4,H4,4504319,MSVRGKAGKGLGKGGAKCHRKVLSDNIQGITKCTIRRLARHGGVKRILGLIYEETRRVFKVFLENVIWYAVTNTEHAKRKTVTAMAVVYVLKRQGRTL,9606,Homo sapiens
NP_003539.1,canonical_H4,H4,4504323,MSGRGKGGKGLGKGGAKRHRKVLRDNIQGITKPAIRRLARRGGVKRISGLIYEETRGVLKVFLENVIRDAVTYTEHAKRKTVTAMDVVYALKRQGRTLYGFGG,9606,Homo sapiens
NP_009563.1,canonical_H4,H4,6319481,MSGRGKGGKGLGKGGAKRHRKILRDNIQGITKPAIRRLARRGGVKRISGLIYEEVRAVLKSFLESVIRDSVTYTEHAKRKTVTSLDVVYALKRQGRTLYGFGG,559292,Saccharomyces cerevisiae S288C
NP_068803.1,canonical_H4,H4,11415030,MSGRGKGGKGLGKGGAKRHRKVLRDNIQGITKPAIRRLARRGGVKRISGLIYEETRGVLKVFLENVIRDAVTYTEHAKRKTVTAMDVVYALKRQGRTLYGFGG,9606,Homo sapiens
NP_180441.1,canonical_H4,H4,15226944,MSGRGKGGKGLGKGGAKRHRKVLRDNIQGITKPAIRRLARRGGVKRISGLIYEETRGVLKIFLENVIRDAVTYTEHARRKTVTAMDVVYALKRQGRTLYGFGG,3702,Arabidopsis thaliana
NP_291074.1,canonical_H4,H4,21361209,MSGRGKGGKGLGKGGAKRHRKVLRDNIQGITKPAIRRLARRGGVKRISGLIYEETRGVLKVFLENVIRDAVTYTEHAKRKTVTAMDVVYALKRQGRTLYGFGG,10090,Mus musculus
NP_492641.1,canonical_H4,H4,17509199,MSGRGKGGKGLGKGGAKRHRKVLRDNIQGITKPAIRRLARRGGVKRISGLIYEETRGVLKVFLENVIRDAVTYCEHAKRKTVTAMDVVYALKRQGRTLYGFGG,6239,Caenorhabditis elegans
NP_778224.1,canonical_H4,H4,28173560,MSGRGKGGKGLGKGGAKRHRKVLRDNIQGITKPAIRRLARRGGVKRISGLIYEETRGVLKVFLENVIRDAVTYTEHAKRKTVTAMDVVYALKRQGRTLYGFGG,9606,Homo sapiens
NP_999707.1,canonical_H4,H4,47551061,MSGRGKGGKGLGKGGAKRHRKVLRDNIQGITKPAIRRLARRGGVKRISGLIYEETRGVLKVFLENVIRDAVTYCEHAKRKTVTAMDVVYALKRQGRTLYGFGG,7668,Strongylocentrotus purpuratus
XP_001016593.1,canonical_H4,H4,118366755,MAGGKGGKGMGKVGAKRHSRKSNKASIEGITKPAIRRLARRGGVKRISSFIYDDSRQVLKSFLENVVRDAVTYTEHARRKTVTAMDVVYALKRQGRTLYGFGG,312017,Tetrahymena thermophila SB210
XP_012928609.1,canonical_H4,H4,861442511,MSGRGKGGKGLGKGGAKRHRKVLRDNIQGITKPAIRRLARRGGVKRISGLIYEETRGVLKVFLENVIRDAVTYTEHAKRKTVTAMDVVYALKRQGRTLYGFGG,10181,Heterocephalus glaber
XP_951561.1,canonical_H4,H4,84043542,MAKGKRVGESKGAQKRQKKVLRDNVRGITRGSIRRLARRAGVKRISGVIYDEVRGVLKTFVESIVRDAGAYTEYSRKKTVTAAHVVFALRKRGKVLYGYD,185431,Trypanosoma brucei brucei TREU927
CAA32434.1,canonical_H3,H3,8070,MARTKQTARKSTGGKAPRKQLATKAARKSAPATGGVKKPHRYRPGTVALREIRRYQKSTELLIRKLPFQRLVREIAQDFKTDLRFQSSAVMALQEASEAYLVGLFEDTNLCAIHAKRITIMPKDIQLARRIRGERA,7227,Drosophila melanogaster
NP_001005464.1,canonical_H3,H3,53793688,MARTKQTARKSTGGKAPRKQLATKAARKSAPATGGVKKPHRYRPGTVALREIRRYQKSTELLIRKLPFQRLVREIAQDFKTDLRFQSSAVMALQEASEAYLVGLFEDTNLCAIHAKRVTIMPKDIQLARRIRGERA,9606,Homo sapiens
NP_001027285.1,canonical_H3,H3,78706960,MARTKQTARKSTGGKAPRKQLATKAARKSAPATGGVKKPHRYRPGTVALREIRRYQKSTELLIRKLPFQRLVREIAQDFKTDLRFQSSAVMALQEASEAYLVGLFEDTNLCAIHAKRVTIMPKDIQLARRIRGERA,7227,Drosophila melanogaster
NP_001044904.1,canonical_H3,H3,115441249,MARTKQTARKSTGGKAPRKQLATKAARKSAPATGGVKKPHRFRPGTVALREIRKYQKSTELLIRKLPFQRLVREIAQDFKTDLRFQSSAVAALQEAAEAYLVGLFEDTNLCAIHAKRVTIMPKDIQLARRIRGERA,39947,Oryza sativa Japonica Group
NP_001050276.1,canonical_H3,H3,115453351,MARTKQTARKSTGGKAPRKQLATKAARKSAPTTGGVKKPHRYRPGTVALREIRKYQKSTELLIRKLPFQRLVREIAQDFKTDLRFQSHAVLALQEAAEAYLVGLFEDTNLCAIHAKRVTIMPKDIQLARRIRGERA,39947,Oryza sativa Japonica Group
NP_001091119.1,canonical_H3,H3,148234575,MARTKQTARKSTGGKAPRKQLATKAARKSAPATGGVKKPHRYRPGTVALREIRRYQKSTELLIRKLPFQRLVREIAQDFKTDLRFQSSAVMALQEASEAYLVGLFEDTNLCGIHAKRVTIMPKDIQLARRIRGERA,8355,Xenopus laevis
NP_001116847.1,canonical_H3,H3,183076548,MARTKQTARKSTGGKAPRKQLATKAARKSAPATGGVKKPHRYRPGTVALREIRRYQKSTELLIRKLPFQRLVREIAQDFKTDLRFQSSAVMALQEASEAYLVGLFEDTNLCAIHAKRVTIMPKDIQLARRIRGERA,9606,Homo sapiens
NP_001180643.1,canonical_H3,H3,302565464,MARTKQTARKSTGGKAPRKQLATKAARKSAPATGGVKKPHRYRPGTVALREIRRYQKSTELLIRKLPFQRLVREIAQDFKTDLRFQSSAVMALQEACEAYLVGLFEDTNLCAIHAKRVTIMPKDIQLARRIRGERA,9544,Macaca mulatta
NP_001268409.1,canonical_H3,H3,527498246,MARTKQTARKSTGGKAPRKQLATKAARKSAPATGGVKKPHRYRPGTVALREIRRYQKSTELLIRKLPFQRLVREIAQDFKTDLRFQSSAVMALQEASEAYLVGLFEDTNLCAIHAKRVTIMPKDIQLARRIRGERA,9031,Gallus gallus
NP_001342338.1,canonical_H3,H3,1243455799,MARTKQTARKSTGGKAPRKQLATKAARKSAPATGGVKKPHRYRPGTVALREIRRYQKSTELLIRKLPFQRLVREIAQEFKTDLRFQSSAVMALQEAREAYLVGLFEDTNLCAIHAKRVTIMPKDIQLVSRIRGERA,9606,Homo sapiens
NP_003520.1,canonical_H3,H3,4504281,MARTKQTARKSTGGKAPRKQLATKAARKSAPATGGVKKPHRYRPGTVALREIRRYQKSTELLIRKLPFQRLVREIAQDFKTDLRFQSSAVMALQEACEAYLVGLFEDTNLCAIHAKRVTIMPKDIQLARRIRGERA,9606,Homo sapiens
NP_003521.2,canonical_H3,H3,21071021,MARTKQTARKSTGGKAPRKQLATKAARKSAPATGGVKKPHRYRPGTVALREIRRYQKSTELLIRKLPFQRLVREIAQDFKTDLRFQSSAVMALQEACEAYLVGLFEDTNLCAIHAKRVTIMPKDIQLARRIRGERA,9606,Homo sapiens
NP_003522.1,canonical_H3,H3,4504285,MARTKQTARKSTGGKAPRKQLATKAARKSAPATGGVKKPHRYRPGTVALREIRRYQKSTELLIRKLPFQRLVREIAQDFKTDLRFQSSAVMALQEACEAYLVGLFEDTNLCAIHAKRVTIMPKDIQLARRIRGERA,9606,Homo sapiens
NP_003523.1,canonical_H3,H3,4504287,MARTKQTARKSTGGKAPRKQLATKAARKSAPATGGVKKPHRYRPGTVALREIRRYQKSTELLIRKLPFQRLVREIAQDFKTDLRFQSSAVMALQEACEAYLVGLFEDTNLCAIHAKRVTIMPKDIQLARRIRGERA,9606,Homo sapiens
NP_003524.1,canonical_H3,H3,4504289,MARTKQTARKSTGGKAPRKQLATKAARKSAPATGGVKKPHRYRPGTVALREIRRYQKSTELLIRKLPFQRLVREIAQDFKTDLRFQSSAVMALQEACEAYLVGLFEDTNLCAIHAKRVTIMPKDIQLARRIRGERA,9606,Homo sapiens
NP_003525.1,canonical_H3,H3,4504291,MARTKQTARKSTGGKAPRKQLATKAARKSAPATGGVKKPHRYRPGTVALREIRRYQKSTELLIRKLPFQRLVREIAQDFKTDLRFQSSAVMALQEACEAYLVGLFEDTNLCAIHAKRVTIMPKDIQLARRIRGERA,9606,Homo sapiens
NP_003526.1,canonical_H3,H3,4504293,MARTKQTARKSTGGKAPRKQLATKAARKSAPATGGVKKPHRYRPGTVALREIRRYQKSTELLIRKLPFQRLVREIAQDFKTDLRFQSSAVMALQEACEAYLVGLFEDTNLCAIHAKRVTIMPKDIQLARRIRGERA,9606,Homo sapiens
NP_003527.1,canonical_H3,H3,4504295,MARTKQTARKSTGGKAPRKQLATKAARKSAPATGGVKKPHRYRPGTVALREIRRYQKSTELLIRKLPFQRLVREIAQDFKTDLRFQSSAVMALQEACEAYLVGLFEDTNLCAIHAKRVTIMPKDIQLARRIRGERA,9606,Homo sapiens
NP_003528.1,canonical_H3,H3,4504297,MARTKQTARKSTGGKAPRKQLATKAARKSAPATGGVKKPHRYRPGTVALREIRRYQKSTELLIRKLPFQRLVREIAQDFKTDLRFQSSAVMALQEACEAYLVGLFEDTNLCAIHAKRVTIMPKDIQLARRIRGERA,9606,Homo sapiens
NP_066298.1,canonical_H3,H3,10440560,MARTKQTARKSTGGKAPRKQLATKAARKSAPATGGVKKPHRYRPGTVALREIRRYQKSTELLIRKLPFQRLVREIAQDFKTDLRFQSSAVMALQEACEAYLVGLFEDTNLCAIHAKRVTIMPKDIQLARRIRGERA,9606,Homo sapiens
NP_066403.2,canonical_H3,H3,31742503,MARTKQTARKSTGGKAPRKQLATKAARKSAPATGGVKKPHRYRPGTVALREIRRYQKSTELLIRKLPFQRLVREIAQDFKTDLRFQSSAVMALQEASEAYLVGLFEDTNLCAIHAKRVTIMPKDIQLARRIRGERA,9606,Homo sapiens
NP_189372.1,canonical_H3,H3,15232146,MARTKQTARKSTGGKAPRKQLATKAARKSAPATGGVKKPHRFRPGTVALREIRKYQKSTELLIRKLPFQRLVREIAQDFKTDLRFQSSAVAALQEAAEAYLVGLFEDTNLCAIHAKRVTIMPKDIQLARRIRGERA,3702,Arabidopsis thaliana
NP_509344.1,canonical_H3,H3,17567723,MARTKQTARKSTGGKAPRKQLATKAARKSAPTTGGVKKPHRYRPGTVALREIRRYQKSTELLIRKLPFQRLVREIAQDFKTDLRFQSAAIGALQEASEAYLVGLFEDTNLCAIHAKRVTIMPKDIQLARRIRGERA,6239,Caenorhabditis elegans
NP_659539.1,canonical_H3,H3,21489955,MARTKQTARKSTGGKAPRKQLATKAARKSAPATGGVKKPHRYRPGTVALREIRRYQKSTELLIRKLPFQRLVREIAQDFKTDLRFQSSAVMALQEACEAYLVGLFEDTNLCAIHAKRVTIMPKDIQLARRIRGERA,10090,Mus musculus
Q7XYZ0.3,canonical_H3,H3,73919915,MARTKQTARKSTGGKAPRKQLATKAARKSAPASGGVKKPHRFRPGTVALREIRRFQKSTELLVRKLPFQRLVREIAQDFKSDLRFQSSAVLALQEAAEAYMVGLFEDTNLCAIHAKRVTIMPKDIQLARRIRGERT,83288,Griffithsia japonica
XP_001016594.3,canonical_H3,H3,229595561,MARTKQTARKSTGAKAPRKQLASKAARKSAPATGGIKKPHRFRPGTVALREIRKYQKSTDLLIRKLPFQRLVRDIAHEFKAELRFQSSAVLALQEAAEAYLVGLFEDTNLCAIHARRVTIMTKDMQLARRIRGERF,312017,Tetrahymena thermophila SB210
XP_001218942.1,canonical_H3,H3,115504299,MSRTKETARTKKTITSKKSKKASKGSDAASGVKTAQRRWRPGTVALREIRQFQRSTDLLLQKAPFQRLVREVSGAQKEGLRFQSSAILAAQEATESYIVSLLADTNRACIHSGRVTIQPKDIHLALCLRGERA,185431,Trypanosoma brucei brucei TREU927
XP_001713521.1,canonical_H3,H3,162606012,MARTKQTARKTVGGDINSRISEKRAKSDNSKNIDLKKVHRYKPGTVALREIRKYQKSTNLLIRKLPFQRLVRELAQDYKSDLRFQNSAVLALQEASESYLVNLFEDTNLCAIHAKRVTIMPKDIYLARRIRGEMIF,55529,Guillardia theta
XP_002288694.1,canonical_H3,H3,223998042,MARTKQTARKSTGGKAPRKQLATKAARKSAPATGGVKKPHRYRPGTVALREIRRYQKSTDLLIRKLPFQRLVREIAQDFKSDLRFQGSAVLALQEAAEAYLVGLFEDTNLCAIHAKRVTIMPKDIQLARRIRGERS,296543,Thalassiosira pseudonana CCMP1335
XP_002788889.1,canonical_H3,H3,294956322,MARTKQTARKSTGGKAPRKQLASKAARKSTPSTGGIKKPHRYRPGTVALREIRRYQKSTDLLIRKLPFQRLVREVAQDFKTDLRFQSSAVMALQEAAEAYLVGLFEDTNLCAIHAKRVTIMPKDMQLARRIRGERS,423536,Perkinsus marinus ATCC 50983
XP_002977792.1,canonical_H3,H3,302792052,MARTKQTARKSTGGKAPRKQLATKAARKSAPTTGGVKKPHRYRPGTVALREIRKYQKSTELLIRKLPFQRLVREIAQDFKTDLRFQSHAVLALQEAAEAYLVGLFEDTNLCAIHAKRVTIMPKDIQLARRIRGERA,88036,Selaginella moellendorffii
XP_002999294.1,canonical_H3,H3,301115049,MARTKQTARKSTGGKAPRKQLATKAARKSAPATGGVKKPHRYRPGTVALREIRRYQKSTELLIRKLPFQRLVREIAQDFKTDLRFQGSAVLALQEAAEAYLVGLFEDTNLCAIHAKRVTIMPKDIQLARRIRGERS,403677,Phytophthora infestans T30-4
XP_005537317.1,canonical_H3,H3,544214341,MARTKQTARKSTGGKAPRKQLATKAARKSAPSVGGVKKPHRYRPGTVALREIRRYQKSTELLIRKLPFQRLVREIAQDFKTDLRFQSSAVLALQEAAEAYLVNLFEDTNLCAIHAKRVTIMPKDIQLARRIRGERA,280699,Cyanidioschyzon merolae strain 10D
XP_460476.1,canonical_H3,H3,50423783,MARTKQTARKSTGGKAPRKQLASKAARKSAPVSGGVKKPHRYKPGTVALREIRRFQKSTELLIRKLPFQRLVREIAQDFKSDLRFQSSAIGALQEAVEAYLVSLFEDTNLCAIHAKRVTIQKKDIQLARRLRGERS,284592,Debaryomyces hansenii CBS767
XP_527254.2,canonical_H3,H3,114605759,MARTKQTARKSTGGKAPRKQLATKAARKSAPATGGVKKPHRYRPGTVALREIRRYQKSTELLIRKLPFQRLVREIAQDFKTDLRFQSSAVMALQEACEAYLVGLFEDTNLCAIHAKRVTIMPKDIQLARRIRGERA,9598,Pan troglodytes
XP_719887.1,canonical_H3,H3,68472183,MARTKQTARKSTGGKAPRKQLASKAARKSAPVSGGVKKPHRYKPGTVALREIRRFQKSTELLIRKLPFQRLVREIAQDFKSDLRFQSSAIGALQEAVEAYLVGLFEDTNLCAIHAKRVTIQKKDMQLARRLRGERS,237561,Candida albicans SC5314
XP_724814.1,canonical_H3,H3,82541094,MARTKQTARKSTAGKAPRKQLASKAARKSAPISAGIKKPHRYRPGTVALREIRRYQKSTDLLIRKLPFQRLVREIAQDYKTDLRFQSSAVMALQEAAEAYLVGLFEDTNLCAIHAKRVTIMPKDIQLARRIRGERS,5861,Plasmodium yoelii
XP_956003.1,H3.3,H3,85077297,MARTKQTARKSTGGKAPRKQLASKAARKSAPSTGGVKKPHRYKPGTVALREIRRYQKSTELLIRKLPFQRLVREIAQDFKSDLRFQSSAIGALQESVESYLVSLFEDTNLCAIHAKRVTIQSKDIQLARRLRGERN,367110,Neurospora crassa OR74A
XP_966164.1,H3.3,H3,86171194,MARTKQTARKSTGGKAPRKQLASKAARKSAPVSTGIKKPHRYRPGTVALREIRKFQKSTDLLIRKLPFQRLVREIAQEYKTDLRFQSQAVLALQEAAEAYLVGLFEDTNLCAIHAKRVTIMPKDIQLARRIRGERS,36329,Plasmodium falciparum 3D7
AAK39657.1,cenH3,H3,13794280,MMKKQNLKRFKKSSNSLVDIRKFQKSTDLLIHRLPFARLVKEISLKYHHSLNWQQVAVEALQFASEDYIIGLLQDANLAAIHAKRVTVMPKDLKLAKIIRGEH,55529,Guillardia theta
NP_001035891.1,cenH3,H3,109637779,MGPRRRSRKPEAPRRRSPSPTPTPGPSRRGPSLGASSHQHSRRRQGWLKEIRKLQKSTHLLIRKLPFSRLAAEAFLVHLFEDAYLLTLHAGRVTLFPKDVQLARRIRGLEEGLG,9606,Homo sapiens
NP_001800.1,cenH3,H3,4502775,MGPRRRSRKPEAPRRRSPSPTPTPGPSRRGPSLGASSHQHSRRRQGWLKEIRKLQKSTHLLIRKLPFSRLAREICVKFTRGVDFNWQAQALLALQEAAEAFLVHLFEDAYLLTLHAGRVTLFPKDVQLARRIRGLEEGLG,9606,Homo sapiens
NP_012875.2,cenH3,H3,27808712,MSSKQQWVSSAIQSDSSGRSLSNVNRLAGDQQSINDRALSLLQRTRATKNLFPRREERRRYESSKSDLDIETDYEDQAGNLEIETENEEEAEMETEVPAPVRTHSYALDRYVRQKRREKQRKQSLKRVEKKYTPSELALYEIRKYQRSTDLLISKIPFARLVKEVTDEFTTKDQDLRWQSMAIMALQEASEAYLVGLLEHTNLLALHAKRITIMKKDMQLARRIRGQFI,559292,Saccharomyces cerevisiae S288C
NP_031707.1,cenH3,H3,6680920,MGPRRKPQTPRRRPSSPAPGPSRQSSSVGSQTLRRRQKFMWLKEIKTLQKSTDLLFRKKPFSMVVREICEKFSRGVDFWWQAQALLALQEAAEAFLIHLFEDAYLLSLHAGRVTLFPKDIQLTRRIRGFEGGLP,10090,Mus musculus
NP_499128.1,cenH3,H3,17553736,MADDTPIIEEIAEQNESVTRIMQRLKHDMQRVTSVPGFNTSAAGVNDLIDILNQYKKELEDDAANDYTEAHIHKIRLVTGKRNQYVLKLKQAEDEYHARKEQARRRASSMDFTVGRNSTNLVDYSHGRHHMPSYRRHDSSDEENYSMDGTNGDGNRAGPSNPDRGNRTGPSSSDRVRMRAGRNRVTKTRRYRPGQKALEEIRKYQKTEDLLIQKAPFARLVREIMQTSTPFGADCRIRSDAISALQEAAEAFLVEMFEGSSLISTHAKRVTLMTTDIQLYRRLCLRHL,6239,Caenorhabditis elegans
NP_523730.2,cenH3,H3,22024004,MPRHSRAKRAPRPSANNSKSPNDDDTAFRSPEPEDGTDYGLEFTTSQLTLQDNNRRSSTLRRDAGRRQPAARDSSTSGEEEDQENRYPTTRSPQTRRMTVQQESKTRAAGPVAAQNQTRRRKAANPMSRAKRMDREIRRLQHHPGTLIPKLPFSRLVREFIVKYSDDEPLRVTEGALLAMQESCEMYLTQRLADSYMLTKHRNRVTLEVRDMALMAYICDRGRQF,7227,Drosophila melanogaster
NP_563627.1,cenH3,H3,18378832,MARTKHRVTRSQPRNQTDAAGASSSQAAGPTTTPTRRGGEGGDNTQQTNPTTSPATGTRRGAKRSRQAMPRGSQKKSYRYRPGTVALKEIRHFQKQTNLLIPAASFIREVRSITHMLAPPQINRWTAEALVALQEAAEDYLVGLFSDSMLCAIHARRVTLMRKDFELARRLGGKGRPW,3702,Arabidopsis thaliana
NP_596473.1,cenH3,H3,19113265,MAKKSLMAEPGDPIPRPRKKRYRPGTTALREIRKYQRSTDLLIQRLPFSRIVREISSEFVANFSTDVGLRWQSTALQCLQEAAEAFLVHLFEDTNLCAIHAKRVTIMQRDMQLARRIRGA,4896,Schizosaccharomyces pombe
XP_001011273.1,cenH3,H3,118356028,MARKAYQPKRRSNSNQNQQRSDSLKKNKQDNLRSKSAGNQQGNEKNKKDIQDQRNKASTKKKRESSGEKYESARDKVIRRFRPGDNALKQLRQYNQTPSLLIRKLPFQRLIREISTRMTEEDSLRWTSFALVLLQTVVEDYMVSFFEDANACALHAKRVTLMSKDLALAARIRGQKNVTGIFIPTKK,312017,Tetrahymena thermophila SB210
XP_001350068.1,cenH3,H3,124513424,MVRTKKNIPNHNPLNAFNRDKSFKTNKTLPNRTVHHGISSKTTNINRPSVNRGGINEVAQKNLHRTNIRKPHRYRPGVLALKEIRAYQASTQLLIPKIPFVRVVKEITRLFELPDEQFRYTPEALLALQTASEAYLVSLFEDAYLCSLHANRVTLMPKDIHLARRIRGRD,36329,Plasmodium falciparum 3D7
XP_002287626.1,cenH3,H3,223995905,MRPGEKALREIRQYQSSTSLLLRRLPFARLVREIQYGMTRQPYRWQGSAILALQEAAEAHLVGLFEDSNLCAIHGKRVTIMPKDMQLARRIRGWVRE,296543,Thalassiosira pseudonana CCMP1335
XP_002767160.1,cenH3,H3,294874934,MVGVENLGVGFDELLTRGGCGVRDDAVEIAFRGVEGLEDVLKDYMVRNKDGKILSVARPVDAEHSEELLGLAAAIGRSYGSLICAAAHNGGVRLPVGKGDDDGDSNNSSDEEADSGCGGAAEGDEAGDVGAGAGDVGDGAGDGAAEGDGAGDAGNGAGDVGDVGDGAGDGAAEGDGAGDGAADDAHGAGDDGEGSRNGGPPLVVQMMVLVMMNGNGNGADDGGNGVDDGEGDGDGHQGNVEGDGHGDGQDDGDGEGSVDSSGNGGDSEPSLEVSREGSENRPKLLPPVEGRTSSSAAAIAAPPVPSAGSHIITGSGGKVPTAGKRPRQFVKKSSAKKGRYRPGTVALREIRRHQEITDPLIEKRCFQALARSLSREVEASMRWQPQSLVALQEASESFIVGMLEASQLLAVHGRRITLMEKDVKMWTRLAAMFGSTTFMDQEKQVGGT,423536,Perkinsus marinus ATCC 50983
XP_005535607.1,cenH3,H3,544210412,MVRVFGNPVGGAHQYRQTQALNRDESLREQLQRTTVAEQDENIEPEPERSSPDEAQSRLKSLLGSVARSSSLLGRRVAGPPGSSLSNLAETRLLTEEAANRPTGAGRSERVSAGRAEPLPPGPTTATTNADANTVQRGLSVASAFPPRAPLQAAGFTVARRTTRSGVQRKHRFRPGSRAIMEIRKFQRSTELLLRRLPFARLVREICERLFGSSAFRWQASALEALQTAAEDYLIHLFEDSNLCAIHARRVTIMPRDIALARRIRGYHSDPHGYL,280699,Cyanidioschyzon merolae strain 10D
XP_009526809.1,cenH3,H3,695416328,MASPRPPALPASDASSSSVTDSGTDDSTPPNSPQPQRSPSPPFAATRGPAAARAPPAAPSSVSSASTPSPPPNLPARRPSVAPVGRQAAIHATPTAPRRKRKATPPRRRPSSPASATQTVKKRRKPGEAALREIRLLQRSTKLLLRKLPFARVVREIQTEFTGVGYRWQAEALLALQEAAETYLVRTFEDAYVGG,67593,Phytophthora sojae
AAH81561.1,H3.3,H3,51859376,MARTKQTALKSTGGKAPRKQLATKAARKSAPSTGGVKKPHRYRPGTVALREIRRYQKSTELLIRKLPFQRLVREIAQDFKTDLRFQSAAIGALQEASEAYLVGLFEDTNLCAIHAKRVTIMPKDIQLARRIRGERA,9606,Homo sapiens
AAM95790.1,H3.3,H3,22476750,MARTKQTARKSTGGKAPRKQLASKAARKSAPMSGGIKKPHRYRPGTVALREIRKFQKSTDLLIRKLPFQRLVREIAQDFKTDLRFQSQAILALQEAAEAYLVGLFEDTNLCAIHAKRVTIMPKDIQLARRIRGERS,5811,Toxoplasma gondii
AAP80725.1,H3.3,H3,32401039,MARTKQTARKSTGGKAPRKQLATKAARKSAPITGGVKKPHRYRPGTVALREIRKFQKSTDLLIRKLPFQRLVREIAQDFKSDLRFQSSAVLALQEAAEAYLRGGLFEDTNLCAIHAKRVTIMPKDIQLARRIRGERA,83288,Griffithsia japonica
NP_002098.1,H3.3,H3,4504279,MARTKQTARKSTGGKAPRKQLATKAARKSAPSTGGVKKPHRYRPGTVALREIRRYQKSTELLIRKLPFQRLVREIAQDFKTDLRFQSAAIGALQEASEAYLVGLFEDTNLCAIHAKRVTIMPKDIQLARRIRGERA,9606,Homo sapiens
NP_005315.1,H3.3,H3,4885385,MARTKQTARKSTGGKAPRKQLATKAARKSAPSTGGVKKPHRYRPGTVALREIRRYQKSTELLIRKLPFQRLVREIAQDFKTDLRFQSAAIGALQEASEAYLVGLFEDTNLCAIHAKRVTIMPKDIQLARRIRGERA,9606,Homo sapiens
NP_009564.1,H3.3,H3,6319482,MARTKQTARKSTGGKAPRKQLASKAARKSAPSTGGVKKPHRYKPGTVALREIRRFQKSTELLIRKLPFQRLVREIAQDFKTDLRFQSSAIGALQESVEAYLVSLFEDTNLAAIHAKRVTIQKKDIKLARRLRGERS,559292,Saccharomyces cerevisiae S288C
NP_032236.1,H3.3,H3,6680159,MARTKQTARKSTGGKAPRKQLATKAARKSAPSTGGVKKPHRYRPGTVALREIRRYQKSTELLIRKLPFQRLVREIAQDFKTDLRFQSAAIGALQEASEAYLVGLFEDTNLCAIHAKRVTIMPKDIQLARRIRGERA,10090,Mus musculus
NP_195713.1,H3.3,H3,15236103,MARTKQTARKSTGGKAPRKQLATKAARKSAPTTGGVKKPHRYRPGTVALREIRKYQKSTELLIRKLPFQRLVREIAQDFKTDLRFQSHAVLALQEAAEAYLVGLFEDTNLCAIHAKRVTIMPKDIQLARRIRGERA,3702,Arabidopsis thaliana
NP_446437.1,H3.3,H3,16758888,MARTKQTARKSTGGKAPRKQLATKAARKSAPSTGGVKKPHRYRPGTVALREIRRYQKSTELLIRKLPFQRLVREIAQDFKTDLRFQSAAIGALQEASEAYLVGLFEDTNLCAIHAKRVTIMPKDIQLARRIRGERA,10116,Rattus norvegicus
NP_511095.1,H3.3,H3,17530867,MARTKQTARKSTGGKAPRKQLATKAARKSAPSTGGVKKPHRYRPGTVALREIRRYQKSTELLIRKLPFQRLVREIAQDFKTDLRFQSAAIGALQEASEAYLVGLFEDTNLCAIHAKRVTIMPKDIQLARRIRGERA,7227,Drosophila melanogaster
P10651.2,H3.3,H3,122076,MARTKQTARKSTGGKAPRKQLASKAARKAAPATGGVKKPHRYRPPTVALREIRRYQKSTELLIRKLPFQRLVREIAQDFKTDLRFQSSAIGALQEAVEAYLVSLFEDTNLCAIHGKRVTIQPKDMQLARRLRGERS,284812,Schizosaccharomyces pombe 972h-
XP_001008397.1,H3.3,H3,118350232,MARTKQTARKSTGVKAPRKQLATKAARKSAPVSGGVKKPHKFRPGTVALREIRKYQKTTDLLIRKLPFQRLVRDIAMEMKSDIRFQSQAILALQEAAEAYLVGLFEDTNLCAIHARRVTIMTKDLHLARRIRGERF,312017,Tetrahymena thermophila SB210
XP_002293701.1,H3.3,H3,224009486,MARTKQTARKSTGGKAPRKQLATKAARKSAPTAGGVKKPHRYRPGTVALREIRKYQKSTDLLIRKAPFQRLVREIAQDFKTDLRFQSTAVLALQEASEAYLVGLFEDTNLCAIHAKRVTIMPKDIQLARRIRGERA,296543,Thalassiosira pseudonana CCMP1335
XP_002895320.1,H3.3,H3,301090188,MARTKQTARKSTGGKAPRKQLATKAARKSAPTAGGVKKPHRYRPGTVALREIRKYQKSTDLLIRKLPFQRLVREIAQDYKTDLRFQSTAILALQEASEAYLVGLFEDTNLCAIHAKRVTIMPKDIQLARRIRGERT,403677,Phytophthora infestans T30-4
XP_006969783.1,H3.3,H3,589115521,MARTKQTARKSTGGKAPRKQLASKAARKSAPSTGGVKKPHRYKPGTVALREIRRYQKSTELLIRKLPFQRLVREIAQDFKSDLRFQSSAIGALQESVESYLVSLFEDTNLCAIHAKRVTIQSKDIQLARRLRGERN,431241,Trichoderma reesei QM6a
XP_456791.1,H3.3,H3,50408553,MARTKQTARKSTGGKAPRKQLASKAARKSAPSTGGVKKPHRYKPGTVALREIRRFQKSTELLIRKLPFQRLVREIAQDFKTDLRFQSSAIGALQESVEAYLVSLFEDTNLCAIHAKRVTIQKKDIQLARRLRGERS,284592,Debaryomyces hansenii CBS767
XP_567545.1,H3.3,H3,58260270,MARTKQTARKSTGGKAPRKQLATKAARKQAPSQVSGGVKKPHRYRPGTVALREIRRYQKSTELLIRKLPFQRLVREIAQDFKTDLRFQSSAIGALQEASEAYLVSLFEDTNLAAIHAKRVTIQPKDLQLARRLRGERS,214684,Cryptococcus neoformans var. neoformans JEC21
XP_713710.1,H3.3,H3,68484797,MARTKQTARKSTGGKAPRKQLASKAARKSAPSTGGVKKPHRYKPGTVALREIRRFQKSTELLIRKLPFQRLVREIAQDFKTDLRFQSSAIGALQEAVEAYLVGLFEDTNLCAIHAKRVTIQKKDMQLARRLRGERS,237561,Candida albicans SC5314
XP_725474.1,H3.3,H3,82594554,MARTKQTARKSTGGKAPRKQLASKAARKSAPVSTGIKKPHRYRPGTVALREIRKFQKSTDLLIRKLPFQRLVREIAQEYKTDLRFQSQAVLALQEAAEAYLVGLFEDTNLCAIHAKRVTIMPKDIQLARRIRGERS,5861,Plasmodium yoelii
NP_001013721.2,H3.5,H3,188528667,MARTKQTARKSTGGKAPRKQLATKAARKSTPSTCGVKPHRYRPGTVALREIRRYQKSTELLIRKLPFQRLVREIAQDFNTDLRFQSAAVGALQEASEAYLVGLLEDTNLCAIHAKRVTIMPKDIQLARRIRGERA,9606,Homo sapiens
XP_003954426.1,H3.5,H3,410046862,MARTKQTARKSTGGKAPRKQLATKAARKSTPSTXGVKKPHRYRPGTVALREIRRYQKSTELLIRKLPFQRLVREIAQDFNTDLRFQSAAVGALQEASEAYLVGLLEDTNLCAIHAKRVTIMPKDIQLARRIRGERA,9598,Pan troglodytes
EAX08008.1,H3.Y,H3,119628413,MAVAMAGMTQVLVWELHHCPCFLTPVLPAAGQAQPQRGESTRPHNMARTKQTARKATAWQAPRKPLATKAARKRASPTGGIKKPHRYKPGTLALREIRKYQKSTQLLLRKLPFQRLVREIAQAISPDLRFQSAAIGALQEASEAYLGVRGTHWASDAVHPWWSKFRNVVNVMAGMVKALDTKVVEEALDMCEI,9606,Homo sapiens
NP_001342187.1,H3.Y,H3,1241841569,MARTKQTARKATAWQAPRKPLATKAAGKRAPPTGGIKKPHRYKPGTLALREIRKYQKSTQLLLRKLPFQRLVREIAQAISPDLRFQSAAIGALQEASEAYLVQLFEDTNLCAIHARRVTIMPRDMQLARRLRREGP,9606,Homo sapiens
NP_001358848.1,H3.Y,H3,1708718875,MARTKQTARKATAWQAPRKPLATKAARKRASPTGGIKKPHRYKPGTLALREIRKYQKSTQLLLRKLPFQRLVREIAQAISPDLRFQSAAIGALQEASEAYLVQLFEDTNLCAIHARRVTIMPRDMQLARRLRGEGAGEPTLLGNLAL,9606,Homo sapiens
NP_003484.1,TS_H3.4,H3,4504299,MARTKQTARKSTGGKAPRKQLATKVARKSAPATGGVKKPHRYRPGTVALREIRRYQKSTELLIRKLPFQRLMREIAQDFKTDLRFQSSAVMALQEACESYLVGLFEDTNLCVIHAKRVTIMPKDIQLARRIRGERA,9606,Homo sapiens
XP_003804825.1,TS_H3.4,H3,397466137,MARTKQTARKSTGGKAPRKQLVTKVARKSAPATGGVKKPHRYRPGTVALREIRRYQKSTELLIRKLPFQRLMREIAQDFKTDLRFQSSAVMALQEACESYLVGLFEDTNLCVIHAKRVTIMPKDIQLARRIRGERA,9597,Pan paniscus
AAA30025.1,canonical_H2B,H2B,161386,MAPTAQVAKKGSKKAVKAPRPSGGKKRNRKRKESYGIYIYKVLKQVHPDTGISSRAMIIMNSFVNDIFERIAGESSRLAQYNKKSTISSREIQTAVRLILPGELAKHAVSEGTKAVTKYTTSK,7660,Psammechinus miliaris
NP_001019770.1,canonical_H2B,H2B,66912162,MPDPAKSAPAPKKGSKKAVTKVQKKDGKKRKRSRKESYSVYVYKVLKQVHPDTGISSKAMGIMNSFVNDIFERIAGEASRLAHYNKRSTITSREIQTAVRLLLPGELAKHAVSEGTKAVTKYTSSK,9606,Homo sapiens
NP_001032546.1,canonical_H2B,H2B,82697375,MPEPAKSAPAPKKGSKKAVTKAQKKDGKKRKRSRKESYSVYVYKVLKQVHPDTGISSKAMGIMNSFVNDIFERIAGEASRLAHYNKRSTITSREIQTAVRLLLPGELAKHAVSEGTKAVTKYTSSK,9913,Bos taurus
NP_001073188.1,canonical_H2B,H2B,119331174,MPEPAKSAPAPKKGSKKAVTKTQKKGDKKRKKSRKESYSIYVYKVLKQVHPDTGISSKAMGIMNSFVNDIFERIAGEASRLAHYNKRSTITSREIQTAVRLLLPGELAKHAVSEGTKAVTKYTSSK,9031,Gallus gallus
NP_001086753.1,canonical_H2B,H2B,148222089,MPEPAKSAPAPKKGSKKAVTKTQKKDGKKRRKSRKESYAIYVYKVLKQVHPDTGISSKAMSIMNSFVNDVFERIAGEASRLAHYNKRSTITSREIQTAVRLLLPGELAKHAVSEGTKAVTKYTSAK,8355,Xenopus laevis
NP_001154806.1,canonical_H2B,H2B,238624110,MPDPAKSAPAPKKGSKKAVTKVQKKDGKKRKRSRKESYSVYVYKVLKQVHPDTGISSKAMGIMNSFVNDIFERIAGEASRLAHYNKRSTITSREIQTAVRLLLPGELAKHAVSEGTKAVTKYTSSKLIGPILWK,9606,Homo sapiens
NP_001299582.1,canonical_H2B,H2B,914705209,MPEPAKSAPAPKKGSKKAVTKAQKKDGKKRKRSRKESYSVYVYKVLKQVHPDTGISSKAMGIMNSFVNDIFERIAGEASRLAHYNKRSTITSREIQTAVRLLLPGELAKHAVSEGTKAVTKYTSAK,9606,Homo sapiens
NP_003509.1,canonical_H2B,H2B,4504257,MPEPAKSAPAPKKGSKKAVTKAQKKDGKKRKRSRKESYSVYVYKVLKQVHPDTGISSKAMGIMNSFVNDIFERIAGEASRLAHYNKRSTITSREIQTAVRLLLPGELAKHAVSEGTKAVTKYTSSK,9606,Homo sapiens
NP_003510.1,canonical_H2B,H2B,4504259,MPELAKSAPAPKKGSKKAVTKAQKKDGKKRKRSRKESYSVYVYKVLKQVHPDTGISSKAMGIMNSFVNDIFERIASEASRLAHYNKRSTITSREIQTAVRLLLPGELAKHAVSEGTKAVTKYTSSK,9606,Homo sapiens
NP_003511.1,canonical_H2B,H2B,4504261,MPEPSKSAPAPKKGSKKAVTKAQKKDGKKRKRSRKESYSVYVYKVLKQVHPDTGISSKAMGIMNSFVNDIFERIAGEASRLAHYNKRSTITSREIQTAVRLLLPGELAKHAVSEGTKAVTKYTSSK,9606,Homo sapiens
NP_003512.1,canonical_H2B,H2B,4504263,MPEPVKSAPVPKKGSKKAINKAQKKDGKKRKRSRKESYSVYVYKVLKQVHPDTGISSKAMGIMNSFVNDIFERIAGEASRLAHYNKRSTITSREIQTAVRLLLPGELAKHAVSEGTKAVTKYTSSK,9606,Homo sapiens
NP_003513.1,canonical_H2B,H2B,4504265,MPEPAKSAPAPKKGSKKAVTKAQKKDGKKRKRSRKESYSVYVYKVLKQVHPDTGISSKAMGIMNSFVNDIFERIAGEASRLAHYNKRSTITSREIQTAVRLLLPGELAKHAVSEGTKAVTKYTSSK,9606,Homo sapiens
NP_003514.2,canonical_H2B,H2B,21396484,MPEPAKSAPAPKKGSKKAVTKAQKKDGKKRKRSRKESYSVYVYKVLKQVHPDTGISSKAMGIMNSFVNDIFERIAGEASRLAHYNKRSTITSREIQTAVRLLLPGELAKHAVSEGTKAVTKYTSSK,9606,Homo sapiens
NP_003515.1,canonical_H2B,H2B,4504269,MPDPAKSAPAPKKGSKKAVTKAQKKDGKKRKRSRKESYSVYVYKVLKQVHPDTGISSKAMGIMNSFVNDIFERIAGEASRLAHYNKRSTITSREIQTAVRLLLPGELAKHAVSEGTKAVTKYTSSK,9606,Homo sapiens
NP_003516.1,canonical_H2B,H2B,4504271,MPEPAKSAPAPKKGSKKAVTKAQKKDGKKRKRSRKESYSVYVYKVLKQVHPDTGISSKAMGIMNSFVNDIFERIAGEASRLAHYNKRSTITSREIQTAVRLLLPGELAKHAVSEGTKAVTKYTSSK,9606,Homo sapiens
NP_003517.2,canonical_H2B,H2B,21166389,MPEPAKSAPAPKKGSKKAVTKAQKKDGKKRKRSRKESYSVYVYKVLKQVHPDTGISSKAMGIMNSFVNDIFERIAGEASRLAHYNKRSTITSREIQTAVRLLLPGELAKHAVSEGTKAVTKYTSSK,9606,Homo sapiens
NP_003518.2,canonical_H2B,H2B,16306566,MPDPAKSAPAPKKGSKKAVTKAQKKDGKKRKRSRKESYSIYVYKVLKQVHPDTGISSKAMGIMNSFVNDIFERIAGEASRLAHYNKRSTITSREIQTAVRLLLPGELAKHAVSEGTKAVTKYTSSK,9606,Homo sapiens
NP_003519.1,canonical_H2B,H2B,4504277,MPEPAKSAPAPKKGSKKAVTKAQKKDGKKRKRSRKESYSIYVYKVLKQVHPDTGISSKAMGIMNSFVNDIFERIAGEASRLAHYNKRSTITSREIQTAVRLLLPGELAKHAVSEGTKAVTKYTSSK,9606,Homo sapiens
NP_009553.1,canonical_H2B,H2B,6319471,MSSAAEKKPASKAPAEKKPAAKKTSTSVDGKKRSKVRKETYSSYIYKVLKQTHPDTGISQKSMSILNSFVNDIFERIATEASKLAAYNKKSTISAREIQTAVRLILPGELAKHAVSEGTRAVTKYSSSTQA,559292,Saccharomyces cerevisiae S288C
NP_010510.3,canonical_H2B,H2B,398366183,MSAKAEKKPASKAPAEKKPAAKKTSTSTDGKKRSKARKETYSSYIYKVLKQTHPDTGISQKSMSILNSFVNDIFERIATEASKLAAYNKKSTISAREIQTAVRLILPGELAKHAVSEGTRAVTKYSSSTQA,559292,Saccharomyces cerevisiae S288C
NP_066402.2,canonical_H2B,H2B,20336754,MPEPAKSAPAPKKGSKKAVTKAQKKDGKKRKRSRKESYSIYVYKVLKQVHPDTGISSKAMGIMNSFVNDIFERIAGEASRLAHYNKRSTITSREIQTAVRLLLPGELAKHAVSEGTKAVTKYTSAK,9606,Homo sapiens
NP_066406.1,canonical_H2B,H2B,10800140,MPEPSKSAPAPKKGSKKAITKAQKKDGKKRKRSRKESYSIYVYKVLKQVHPDTGISSKAMGIMNSFVNDIFERIAGEASRLAHYNKRSTITSREIQTAVRLLLPGELAKHAVSEGTKAVTKYTSSK,9606,Homo sapiens
NP_066407.1,canonical_H2B,H2B,10800138,MPEPTKSAPAPKKGSKKAVTKAQKKDGKKRKRSRKESYSVYVYKVLKQVHPDTGISSKAMGIMNSFVNDIFERIAGEASRLAHYNKRSTITSREIQTAVRLLLPGELAKHAVSEGTKAVTKYTSSK,9606,Homo sapiens
NP_072173.1,canonical_H2B,H2B,12025526,MPEPAKSRPAPKKGSKKAVTKAQKKDGKERKRSRKESYSVYVYKVLKQVHPDTGISSKAMGIMNSFVNDIFERIAGERRLAHYNKRSTITSREIQTAVRLLLPGELAKHAVSEGTKAVTKYTSSK,10116,Rattus norvegicus
NP_505464.1,canonical_H2B,H2B,17558794,MAPPKPSAKGAKKAAKTVSKPKDGKKRKHARKESYSVYIYRVLKQVHPDTGVSSKAMSIMNSFVNDVFERIASEASRLAHYNKRSTISSREIQTAVRLILPGELAKHAVSEGTKAVTKYTSSK,6239,Caenorhabditis elegans
NP_724342.1,canonical_H2B,H2B,24585671,MPPKTSGKAAKKAGKAQKNITKTDKKKKRKRKESYAIYIYKVLKQVHPDTGISSKAMSIMNSFVNDIFERIAAEASRLAHYNKRSTITSREIQTAVRLLLPGELAKHAVSEGTKAVTKYTSSK,7227,Drosophila melanogaster
NP_778225.1,canonical_H2B,H2B,28173554,MPDPSKSAPAPKKGSKKAVTKAQKKDGKKRKRGRKESYSIYVYKVLKQVHPDTGISSKAMGIMNSFVNDIFERIASEASRLAHYNKRSTITSREVQTAVRLLLPGELAKHAVSEGTKAVTKYTSSK,9606,Homo sapiens
NP_783595.1,canonical_H2B,H2B,28316760,MPEPSKSAPAPKKGSKKAISKAQKKDGKKRKRSRKESYSVYVYKVLKQVHPDTGISSKAMGIMNSFVNDIFERIASEASRLAHYNKRSTITSREIQTAVRLLLPGELAKHAVSEGTKAVTKYTSSK,10090,Mus musculus
NP_999710.2,canonical_H2B,H2B,62909990,MAPTAQVAKKGSKKAVKGTKTAXGGKKRNRKRKESYGIYIYKVLKQVHPDTGISSRAMVIMNSXVBDIFERIAGESSRLAQYNKKXTXSSREIQTAVRLILPGELAKHAVSEGTKAVTKYTTSK,7668,Strongylocentrotus purpuratus
Q9FFC0.3,canonical_H2B,H2B,75170197,MAKADKKPAEKKPAEKTPAAEPAAAAEKKPKAGKKLPKEPAGAGDKKKKRSKKNVETYKIYIFKVLKQVHPDIGISSKAMGIMNSFINDIFEKLAGESSKLARYNKKPTITSREIQTAVRLVLPGELAKHAVSEGTKAVTKFTSS,3702,Arabidopsis thaliana
Q9LQQ4.3,canonical_H2B,H2B,75180188,MAPRAEKKPAEKKTAAERPVEENKAAEKAPAEKKPKAGKKLPPKEAGDKKKKRSKKNVETYKIYIFKVLKQVHPDIGISSKAMGIMNSFINDIFEKLAQESSKLARYNKKPTITSREIQTAVRLVLPGELAKHAVSEGTKAVTKFTSS,3702,Arabidopsis thaliana
Q9LZ45.3,canonical_H2B,H2B,75181188,MAPKAEKKPAEKAPAPKAEKKIAKEGGTSEIVKKKKKTKKSTETYKIYIFKVLKQVHPDIGISGKAMGIMNSFINDIFEKLAQESSRLARYNKKPTITSREIQTAVRLVLPGELAKHAVSEGTKAVTKFTSS,3702,Arabidopsis thaliana
Q9LZT0.3,canonical_H2B,H2B,75181341,MAPKAEKKPAEKKPVEEKSKAEKAPAEKKPKAGKKLPKEAGAGGDKKKKMKKKSVETYKIYIFKVLKQVHPDIGISSKAMGIMNSFINDIFEKLASESSKLARYNKKPTITSREIQTAVRLVLPGELAKHAVSEGTKAVTKFTSS,3702,Arabidopsis thaliana
XP_003422331.1,canonical_H2B,H2B,344307322,MPEPAKSAPAPKKGSKKAVTKAQKKDGKKRKRSRKESYSIYVYKVLKQVHPDTGISSKAMGIMNSFVNDIFERIAGEASRLAHYNKRSTITSREIQTAVRLLLPGELAKHAVSEGTKAVTKYTSAK,9785,Loxodonta africana
XP_005610255.1,canonical_H2B,H2B,545217094,MPEPAKSAPAPKKGSKKAVTKAQKKDGKKRKRSRKESYSIYVYKVLKQVHPDTGISSKAMGIMNSFVNDIFERIAGEASRLAHYNKRSTITSREIQTAVRLLLPGELAKHAVSEGTKAVTKYTSSK,9796,Equus caballus
XP_005640164.1,H2B.1,H2B,545554624,MPELTSKGTTISKKGFKRAVAKTQKKEGKKRRRCRKESYSIYIYKVLKQVHPDTGISSKAMGIMNSFVNDIFERIAGEASRLAHYNKRSTITSREIQTAVRLLLPGELAKHAVSEGTKAVTKYTSSK,9615,Canis lupus familiaris
XP_005665716.1,canonical_H2B,H2B,545837877,MPDPAKSAPAPKKGSKKAVTKAQKKDGKKRKRSRKESYSVYVYKVLKQVHPDTGISSKAMGIMNSFVNDIFERIAGEASRLAHYNKRSTITSREIQTAVRLLLPGELAKHAVSEGTKAVTKYTSSK,9823,Sus scrofa
XP_007485418.1,canonical_H2B,H2B,612000632,MPEPGKSAPAPKKGSKKAVTKAQKKDGKKRKRSRKESYSVYVYKVLKQVHPDTGISSKAMGIMNSFVNDIFERIASEASRLAHYNKRSTITSREIQTAVRLLLPGELAKHAVSEGTKAVTKYTSSK,13616,Monodelphis domestica
XP_007634673.1,canonical_H2B,H2B,625285907,MPEPAKSAPAPKKGSKKAVTKAQKKDGKKRKRSRKESYSVYVYKVLKQVHPDTGISSKAMGIMNSFVNDIFERIAGEASRLAHYNKRSTITSREIQTAVRLLLPGELAKHAVSEGTKAVTKYTSAK,10029,Cricetulus griseus
XP_008246696.1,canonical_H2B,H2B,655885637,MPEPAKSAPAPKKGSKKAVTKAQKKDGKKRKRSRKESYSVYVYKVLKQVHPDTGISSKAMGIMNSFVNDIFERIAGEASRLAHYNKRSTITSREIQTAVRLLLPGELAKHAVSEGTKAVTKYTSSK,9986,Oryctolagus cuniculus
XP_011216221.1,canonical_H2B,H2B,752441783,MPDPAKSAPAPKKGSKKAVTKVQKKDGKKRKRSRKESYSVYVYKVLKQVHPDTGISSKAMGIMNSFVNDIFERIAGEASRLAHYNKRSTITSREIQTAVRLLLPGELAKHAVSEGTKAVTKYTSSK,9646,Ailuropoda melanoleuca
XP_011741102.1,canonical_H2B,H2B,795655520,MPEPAKSAPAPKKGSKKAVTKAQKKDGKKRKRSRKESYSVYVYKVLKQVHPDTGISSKAMGIMNSFVNDIFERIAGEASRLAHYNKRSTITSREIQTAVRLLLPGELAKHAVSEGTKAVTKYTSSK,9545,Macaca nemestrina
XP_012928647.1,canonical_H2B,H2B,861442736,MPEPAKSAPAPKKGSKKAVTKAQKKDGKKRKRSRKESYSVYVYKVLKQVHPDTGISSKAMGIMNSFVNDIFERIAGEASRLAHYNKRSTITSREIQTAVRLLLPGELAKHAVSEGTKAVTKYTSSK,10181,Heterocephalus glaber
XP_013006892.1,canonical_H2B,H2B,884911570,MPEPAKSAPAPKKGSKKAVTKAQKKDGKKRKRSRKESYSVYVYKVLKQVHPDTGISSKAMGIMNSFVNDIFERIAGEASRLAHYNKRSTITSREIQTAVRLLLPGELAKHAVSEGTKAVTKYTSSK,10141,Cavia porcellus
XP_823266.1,canonical_H2B,H2B,71748422,MATPKSTPAKTRKEAKKTRRQRKRTWNVYVSRSLRSINSQMSMTSRTMKIVNSFVNDLFERIAAEAATIVRVNRKRTLGARELQTAVRLVLPADLAKHAMAEGTKAVSHASS,185431,Trypanosoma brucei brucei TREU927
NP_072169.1,H2B.1,H2B,12025524,MPEVSAKGTTISKKGFKKAVTKTQKKEGRKRKRCREESYSIYIYKVLKQVHPDTGISSKAMSIMNSFVTDIFERIAGEASRLAHYNKRSTITSREIQTAVRLLLPGELAKHAVSEGTKAVTKYTSSK,10116,Rattus norvegicus
NP_733759.1,H2B.1,H2B,24586679,MPEVSSKGATISKKGFKKAVVKTQKKEGKKRKRTRKESYSIYIYKVLKQVHPDTGISSKAMSIMNSFVTDIFERIASEASRLAHYSKRSTISSREIQTAVRLLLPGELAKHAVSEGTKAVTKYTSSK,9606,Homo sapiens
NP_783594.1,H2B.1,H2B,28316750,MPEVAVKGATISKKGFKKAVTKTQKKEGRKRKRCRKESYSIYIYKVLKQVHPDTGISSKAMSIMNSFVTDIFERIASEASRLAHYNKRSTITSREIQTAVRLLLPGELAKHAVSEGTKAVTKYTSSK,10090,Mus musculus
NP_059141.1,H2B.S,H2B,11036646,MPEPAKSAPAPKKGSKKAVTKAQKKDGRKRKRSRKESYSVYVYKVLKQVHPDTGISSKAMGIMNSFVNDIFERIAGEASRLPHYNKRSTITSREIQTAVRLLLPGELAKHAVSEGTKAVTKYTSAK,9606,Homo sapiens
DAA13058.1,H2B.W,H2B,296470943,MGIGGSILSETSSDSYEEDVITKETGISEIEPSEKEMAKVETSKPDPYDAEPIKVETSKPDPYDAEPKKAETSKPDPYDAEPKKAKQKTAKGRRRRRHCHHDSFSSFATYFPRVLRQIHKGMSLSHDSVNILDSFVKDTFERIAEEAGRLAGDNKRRTITTEDIEAAVRLLLPGKLGKYAVLKATKSLITYRTCK,9913,Bos taurus
NP_001002916.4,H2B.W,H2B,1928577664,MAGPSSETTSEEQLITQEPKEANSTTSQKQSKQRKRGRHGPRRCHSNCRGDSFATYFRRVLKQVHQGLSLSREAVSVMDSLVHDILDRIATEAGHLARSTKRQTITAWETRMAVRLLLPGQMGKLAESEGTKAVLRTSLYAIQQQRK,9606,Homo sapiens
NP_001180847.1,H2B.W,H2B,302564969,MLRTQVPPLLRSTTAIVWSCRVMAAASAMAEPSSETTSEEQLITQEPKEANSTMAQKQSKQRKRGRRGPCRCHANCRGDSFATYFRRVLKQVHQGLSLSREAVSVMDSLVHDILDRIATEAGRLARSTKRQTITAWETRIAVRLLLPGEMGKLAESEGTKAVLRTSLYAVQQQRK,9544,Macaca mulatta
Q7Z2G1.2,H2B.W,H2B,223590216,MLRTEVPRLPRSTTAIVWSCHLMATASAMAGPSSETTSEEQLITQEPKEANSTTSQKQSKQRKRGRHGPRRCHSNCRGDSFATYFRRVLKQVHQGLSLSREAVSVMDSLVHDILDRIATEAGRLARSTKRQTITAWETRMAVRLLLPGQMGKLAESEGTKAVLRTSLYAIQQQRK,9606,Homo sapiens
XP_002720211.1,H2B.W,H2B,291407712,MAEPASHVASEENLSLEPKTTASSTPKEKQPRRRRRRRQGHNYSFASYFPKVLKHVHKGLSLSKEAKGVMDSIVRDVFERIAHEAASLVRYSKHSTLTSRDVQSAVRLLLPGQLHKHADVEGTKALLKFITHP,9986,Oryctolagus cuniculus
XP_002925981.1,H2B.W,H2B,301781100,MAEPGCETSSEESLGTEEPSAANPKSPKQKQKQPRRQCRRRCRRCPNSFATYFPRVLKQVHEGLSLSKKAVSVMDSFLKDIFEHIADEAAHLARSTKGSNKHSTINSREIQTAVRLLLPGEIGKHTVSKATKAVIRFQRCE,9646,Ailuropoda melanoleuca
XP_548517.2,H2B.W,H2B,545560116,MIPGKPEEGKGSSEGPICDTEVACDVRKCSDYKGASAPQQPPLSVLLSCWEGEPHMAEPGCETSSEECLGTKEPREAEPETPKRKKPRRQCHRRCRRSRSDSFAIYFPRVLKQVDEGLSLSQKAVSIMDSFVKDIFERIADEASRLARSTKRSTITSREIQTAVRLLLPGEIGKYAVSEATKALMRNQVGALEKQVKNVLSLGCG,9615,Canis lupus familiaris
XP_001349046.1,H2B.Z,H2B,124511826,MSGKGPAQKSQAAKKTAGKTLGPRHKRKRRTESFSLYIFKVLKQVHPETGVTKKSMNIMNSFINDIFDRLVTEATRLIRYNKKRTLSSREIQTAVRLLLPGELSKHAVSEGTKAVTKYTTSAA,36329,Plasmodium falciparum 3D7
XP_002369740.1,H2B.Z,H2B,237840885,MSGKGPAQKSQAAKKTAGKSLGPRYRRRKRTESFALYIYKVLKQVHPETGVSKKSMSIMNSFINDIFDRLADEAVRLIRYNKKRTLSSREIQTAVRLLLPGELSKHAVSEGTKAVTKYTTSGA,508771,Toxoplasma gondii ME49
XP_678689.1,H2B.Z,H2B,68073549,MSGKGPAQKSQAAKKTAGKTLGPRHKRKRRTESFSLYIFKVLKQVHPETGVTKKSMNIMNSFINDIFDRLVTEATRLIRYNKKRTLSSREIQTAVRLLLPGELSKHAVSEGTKAVTKYTTSGA,5823,Plasmodium berghei ANKA
NP_999706.1,sperm_H2B,H2B,47551059,MPSQRSPTKRSPTKRSPQKGAGKGGKGSKRGGKARRRGGAAVRRRRRRRESYGIYIYKVLKQVHPDTGISSRGMSIMNSFVNDVFERVAAEASRLTKYNRRSTVSSREIQTAVRLLLPGELAKHAVSEGTKAVTKYTTSR,7668,Strongylocentrotus purpuratus
NP_999721.1,sperm_H2B,H2B,47551083,MPRSPSKTSPRKGSPRRGSPSRKASPKRGGKGAKRAGKGGRRRNVVRRRRRRRESYGIYIYKVLKQVHPDTGISSRGMSVMNSFVNDIFGRIAGEASRLTRANRRSTISSREIQTAVRLLLPGELAKHAVSEGTKAVTKYTTSR,7668,Strongylocentrotus purpuratus
P02291.2,sperm_H2B,H2B,108885304,MPRSPAKTSPRKGSPRKGSPSRKASPKRGGKGAKRAGKGGRRRRVVKRRRRRRESYGIYIYKVLKQVHPDTGISSRAMSVMNSFVNDVFERIAGEASRLTSANRRSTVSSREIQTAVRLLLPGELAKHAVSEGTKAVTKYTTSR,7658,Parechinus angulosus
Q27749.3,sperm_H2B,H2B,74767039,MPSQKSPTKRSPTKRSPQKGGKGAKRGGKAGKRRRGVAVKRRRRRRESYGIYIYKVLKQVHPDTGISSRAMSVMNSFVNDVFERIASEAGRLTTYNRRNTVSSREVQTAVRLLLPGELAKHAVSEGTKAVTKYTTSR,7660,Psammechinus miliaris
Q27750.3,sperm_H2B,H2B,108860775,MPKSPSKSSPRKGSPRKGSPRKGSPKRGGKGAKRAGKGGRRNVVKRRRRRRESYGIYIYKVLKQVHPDTGISSRGMSVMNSFVNDVFERIAGEASRLTSANRRSTISSREIQTAVRLLLPGELAKHAVSEGTKAVTKYTTARR,7660,Psammechinus miliaris
NP_081340.1,subH2B,H2B,254588081,MAKPTFKRQCYIKRHLRPLYRKHSRCSSINLGHGNYSLYINRVLKEVVPNRGISSYSVDIMNILINDIFERIATEACQQMFLRKRCTLTPGDIQQAVHLLLPKKLATLAVTFGSKAVHRFIHS,10090,Mus musculus
NP_991343.1,subH2B,H2B,45429973,MARNVTKRNKRCRGHQKAIYKKKSHSSSESGLRNYSLYINRVLKEVVPQKGISSRTIDIINTMINDMFERISTEACNLMYYRKRCTLTPEDIEKAVYLLLPEKLAKYAVAFGKEAVQRYVRS,9913,Bos taurus
XP_001095287.1,subH2B,H2B,109077646,MARSSTKKHKYSKRHQSPTSRKKAHSSIDFVHGNYSFFVNKVLKEVVSHRGTSSRTLDLMNTLINNFFQHISMKAYRLMYFRNRCTLTPEDILKAAYLLLPQKTANYAVAFGSEVFRRYVHS,9544,Macaca mulatta
XP_001366286.1,subH2B,H2B,126320607,MTKAVRSNESQKLTTNQEKKKKKKKKLLLSRNYSLYTHRVLKEVIPNQGLTYKTTEIMNSMINNILERIAEEAGNLLCYKRHLTLGHQDIQMAVYRLLPDELAKHAVAFGTRAVTTYNDSK,13616,Monodelphis domestica
XP_001504072.1,subH2B,H2B,149727070,MARASTKKSRCSRRRQSPASRKKSHASTYRGHRNYSLYINRVLKEVVPQRGISARTLDTMNILINNIFERISTEACSMMYFRNRCTLTPQDVQKAVYSLFPGKLAKYAVAFGSEAVQRYLHS,9796,Equus caballus
XP_002921383.1,subH2B,H2B,301771932,MARSITKKNKRSRGHRSPISKKKSHSSTDFGRRNYSLYINRVLKEVVPQRSISSRTLDVMNTLIKDIFERISVEARSLMCFRNRCTLTPEDIQKAVYLLLPGKLAKYAVAFGSEAVQRYVQS,9646,Ailuropoda melanoleuca
XP_003134084.1,subH2B,H2B,311273883,MARYITKKNRCSRGHRHPNSRKKTCSSTECGRRNYSLYVNRVLKEVVPQSGISSRTLDMMNTVINDIFERISMEASNLMYFRNRCTLTPEDVQKAVYLLLPRKLAKHAVAFGSDAVHRYVHS,9823,Sus scrofa
XP_003407998.1,subH2B,H2B,344272356,MARSIIKKYRYSNGHLSSISIKKLHSSTNFGHRNYSLYVNRVLKEVVPQRGISSRTLDVMNTLINNIFKCIATEACNLMYFRNRCTLTPEDIQRAVYVRLPGKLAKHAVAFGSEAVNRYVHS,9785,Loxodonta africana
XP_003461969.1,subH2B,H2B,348552306,MVKSVIKPRRYFRGRRTSISSKKSCLSSNSGYRNYSLYVSRVLKEVVPERAISSCTVNIMNTLIDDIFERISEEAHHLMCSQKRCTLTPKDIQKAVYLLLPRKLAKYAVAFGDGAVDRYVHS,10141,Cavia porcellus
XP_003515979.1,subH2B,H2B,354507874,MAKSIIKRYQFVKRRQRRAFRKRYSSINFGQRNYSLYISRVLKEVVPMRGLSSNTVDIMNTLINDLFERIATEACQLMYFRKRCTLTLEDIQKAVYLLVPKKLAKSAVTFGSKAVHRFIHS,10029,Cricetulus griseus
XP_004885290.1,subH2B,H2B,512843645,MVRSIIKQYGYSRRHLTPTYRKKSYLSTSFGHRNYSLYISRVLKEVAPQRHISSRTLDMMNALINNIFERIATEAHHLMCSRNRCTLAPEDIQRAVYLLLPGKLAKYAMAFGDEAVHRYVHS,10181,Heterocephalus glaber
AAC37292.1,canonical_H2A,H2A,310872,MSTTGKGGKAKGKTASSKQVSRSARAGLQFPVGRISRFLKNGRYSERIGTGAPVYLAAVLEYLAAEVLELAGNAAKDNKKTRIVPRHILLAIRNDEELNKLMANTTIADGGVLPNINPMLLPSKTKKSTEPEH,5911,Tetrahymena thermophila
EDO48405.1,canonical_H2A,H2A,156227602,MSGRGKGKAKGTKSKTRSSRAGLQFPVGRIHRHLRKGNYAERVGAGAPVYMAAVLEYLSAEILELAGNAARDNKKTRIIPRHLQLAVRNDEELNRLLHGVTIAQGGVLPNIQAVLLPKKTEKKAKA,45351,Nematostella vectensis
EEC09557.1,canonical_H2A,H2A,215500063,MSGRGKGGKVKGKSKTRSSRAGLQFPVGRIHRLLRKGNYAERVGAGAPVYLAAVLEYLAAEVLELAGNAARDNKKTRIIPRHLQLAIRNDEELNKLLSGVTIAQGGVLPNIQAVLLPKKTEKKS,6945,Ixodes scapularis
EER16127.1,canonical_H2A,H2A,239897365,MSGKGKGAVLEGMHKDKKTRSAKAGLQFPVGRIARYMKHGRYAKRVGAGAPVYLAAVLEYLVAEILELAGNAARDHKKTRINPRHIQLAVRNDDELNEFLSNVTIASGGVLPNIHTSLLPKKSTKKSMEY,423536,Perkinsus marinus ATCC 50983
NP_001035807.1,canonical_H2A,H2A,106775678,MSGRGKQGGKARAKAKSRSSRAGLQFPVGRVHRLLRKGNYAERVGAGAPVYMAAVLEYLTAEILELAGNAARDNKKTRIIPRHLQLAIRNDEELNKLLGKVTIAQGGVLPNIQAVLLPKKTESHHKAKGK,9606,Homo sapiens
NP_001066688.1,canonical_H2A,H2A,115488402,MAGRGKAIGAGAAKKATSRSSKAGLQFPVGRIARFLKAGKYAERVGAGAPVYLAAVLEYLAAEVLELAGNAARDNKKTRIVPRHIQLAVRNDEELTKLLGGATIASGGVMPNIHQHLLPKKAGSSKASHADDDDN,39947,Oryza sativa Japonica Group
NP_001072943.1,canonical_H2A,H2A,118405202,MSGRGKQGGKARAKAKSRSSRAGLQFPVGRVHRLLRKGNYAERVGAGAPVYLAAVLEYLTAEILELAGNAARDNKKTRIIPRHLQLAIRNDEELNKLLGKVTIAQGGVLPNIQAVLLPKKTDSHKAKAK,9031,Gallus gallus
NP_001087948.1,canonical_H2A,H2A,147898582,MSGRGKQGGKTRAKAKTRSSRAGLQFPVGRVHRLLRKGNYAERVGAGAPVYLAAVLEYLTAEILELAGNAARDNKKTRIIPRHLQLAVRNDEELNKLLGRVTIAQGGVLPNIQSVLLPKKTESSKSAKSK,8355,Xenopus laevis
NP_001132837.1,canonical_H2A,H2A,212723398,MAGRGKAIGSGAAKKATSRSSKAGLQFPVGRIARFLKAGKYAERVGAGAPVYLAAVLEYLAAEVLELAGNAARDNKKTRIVPRHIQLAVRNDEELSRLLGTVTIASGGVMPNIHNLLLPKKAGGGSAKAAAGDED,4577,Zea mays
NP_001141988.1,canonical_H2A,H2A,226504426,MAGRGKAIGAGAAKKATSRSSKAGLQFPVGRIARFLKAGKYAERVGAGAPVYLAAVLEYLAAEVLELAGNAARDNKKTRIVPRHIQLAVRNDEELTKLLGGATIASGGVMPNIHQHLLPKKAASSKASVDDDDN,4577,Zea mays
NP_001180653.1,canonical_H2A,H2A,302565564,MSGRGKQGGKARAKAKTRSSRAGLQFPVGRVHRLLRKGNYSERVGAGAPVYLAAVLEYLTAEILELAGNAARDNKKTRIIPRHLQLAIRNDEELNKLLGRVTIAQGGVLPNIQAVLLPKKTESHHKAKGK,9544,Macaca mulatta
NP_001190852.1,canonical_H2A,H2A,334186954,MAGRGKQLGSGAAKKSTSRSSKAGLQFPVGRIARFLKAGKYAERVGAGAPVYLAAVLEYLAAEVLELAGNAARDNKKTRIVPRHIQLAVRNDEELSKLLGDVTIANGGVMPNIHNLLLPKKAGSSKPTEED,3702,Arabidopsis thaliana
NP_001192525.1,canonical_H2A,H2A,329663492,MSGRGKQGGKARAKAKSRSSRAGLQFPVGRVHRLLRKGNYAERVGAGAPVYLAAVLEYLTAEILELAGNAARDNKKTRIIPRHLQLAIRNDEELNKLLGRVTIAQGGVLPNIQAVLLPKKTESHHKAKGK,9913,Bos taurus
NP_003500.1,canonical_H2A,H2A,4504239,MSGRGKQGGKARAKAKTRSSRAGLQFPVGRVHRLLRKGNYAERVGAGAPVYLAAVLEYLTAEILELAGNAARDNKKTRIIPRHLQLAIRNDEELNKLLGKVTIAQGGVLPNIQAVLLPKKTESHHKAKGK,9606,Homo sapiens
NP_003501.1,canonical_H2A,H2A,4504241,MSGRGKQGGKARAKAKTRSSRAGLQFPVGRVHRLLRKGNYAERVGAGAPVYLAAVLEYLTAEILELAGNAARDNKKTRIIPRHLQLAIRNDEELNKLLGKVTIAQGGVLPNIQAVLLPKKTESHHKAKGK,9606,Homo sapiens
NP_003502.1,canonical_H2A,H2A,4504243,MSGRGKQGGKARAKAKTRSSRAGLQFPVGRVHRLLRKGNYAERVGAGAPVYLAAVLEYLTAEILELAGNAARDNKKTRIIPRHLQLAIRNDEELNKLLGKVTIAQGGVLPNIQAVLLPKKTESHHKAKGK,9606,Homo sapiens
NP_003503.1,canonical_H2A,H2A,4504245,MSGRGKQGGKARAKAKSRSSRAGLQFPVGRVHRLLRKGNYAERVGAGAPVYLAAVLEYLTAEILELAGNAARDNKKTRIIPRHLQLAIRNDEELNKLLGRVTIAQGGVLPNIQAVLLPKKTESHHKAKGK,9606,Homo sapiens
NP_003504.2,canonical_H2A,H2A,19557656,MSGRGKQGGKARAKAKTRSSRAGLQFPVGRVHRLLRKGNYSERVGAGAPVYLAAVLEYLTAEILELAGNAARDNKKTRIIPRHLQLAIRNDEELNKLLGRVTIAQGGVLPNIQAVLLPKKTESHHKAKGK,9606,Homo sapiens
NP_003505.1,canonical_H2A,H2A,4504249,MSGRGKQGGKARAKAKTRSSRAGLQFPVGRVHRLLRKGNYAERVGAGAPVYLAAVLEYLTAEILELAGNAARDNKKTRIIPRHLQLAIRNDEELNKLLGKVTIAQGGVLPNIQAVLLPKKTESHHKAKGK,9606,Homo sapiens
NP_003507.1,canonical_H2A,H2A,4504251,MSGRGKQGGKARAKAKSRSSRAGLQFPVGRVHRLLRKGNYAERVGAGAPVYMAAVLEYLTAEILELAGNAARDNKKTRIIPRHLQLAIRNDEELNKLLGKVTIAQGGVLPNIQAVLLPKKTESHHKAKGK,9606,Homo sapiens
NP_003508.1,canonical_H2A,H2A,24638446,MSGRGKQGGKARAKAKSRSSRAGLQFPVGRVHRLLRKGNYAERVGAGAPVYMAAVLEYLTAEILELAGNAARDNKKTRIIPRHLQLAIRNDEELNKLLGKVTIAQGGVLPNIQAVLLPKKTESHKAKSK,9606,Homo sapiens
NP_066390.1,canonical_H2A,H2A,10645195,MSGRGKQGGKARAKAKTRSSRAGLQFPVGRVHRLLRKGNYSERVGAGAPVYLAAVLEYLTAEILELAGNAARDNKKTRIIPRHLQLAIRNDEELNKLLGRVTIAQGGVLPNIQAVLLPKKTESHHKAKGK,9606,Homo sapiens
NP_066408.1,canonical_H2A,H2A,10800132,MSGRGKQGGKARAKAKTRSSRAGLQFPVGRVHRLLRKGNYAERVGAGAPVYLAAVLEYLTAEILELAGNAARDNKKTRIIPRHLQLAIRNDEELNKLLGKVTIAQGGVLPNIQAVLLPKKTESHHKAKGK,9606,Homo sapiens
NP_066409.1,canonical_H2A,H2A,10800130,MSGRGKQGGKARAKAKTRSSRAGLQFPVGRVHRLLRKGNYSERVGAGAPVYLAAVLEYLTAEILELAGNAARDNKKTRIIPRHLQLAIRNDEELNKLLGKVTIAQGGVLPNIQAVLLPKKTESHHKAKGK,9606,Homo sapiens
NP_066544.1,canonical_H2A,H2A,10800144,MSGRGKQGGKARAKAKTRSSRAGLQFPVGRVHRLLRKGNYAERVGAGAPVYLAAVLEYLTAEILELAGNAARDNKKTRIIPRHLQLAIRNDEELNKLLGKVTIAQGGVLPNIQAVLLPKKTESHHKTK,9606,Homo sapiens
NP_068612.2,canonical_H2A,H2A,75832135,MSGRGKQGGKARAKAKSRSSRAGLQFPVGRVHRLLRKGNYSERVGAGAPVYLAAVLEYLTAEILELAGNAARDNKKTRIIPRHLQLAIRNDEELNKLLGRVTIAQGGVLPNIQAVLLPKKTESHHKAKGK,10116,Rattus norvegicus
NP_175517.1,canonical_H2A,H2A,15223708,MAGRGKTLGSGSAKKATTRSSKAGLQFPVGRIARFLKKGKYAERVGAGAPVYLAAVLEYLAAEVLELAGNAARDNKKTRIVPRHIQLAVRNDEELSKLLGDVTIANGGVMPNIHNLLLPKKTGASKPSAEDD,3702,Arabidopsis thaliana
NP_188703.1,canonical_H2A,H2A,15232330,MAGRGKTLGSGVAKKSTSRSSKAGLQFPVGRIARFLKNGKYATRVGAGAPVYLAAVLEYLAAEVLELAGNAARDNKKTRIVPRHIQLAVRNDEELSKLLGDVTIANGGVMPNIHSLLLPKKAGASKPSADED,3702,Arabidopsis thaliana
NP_200275.1,canonical_H2A,H2A,15239697,MAGRGKTLGSGGAKKATSRSSKAGLQFPVGRIARFLKAGKYAERVGAGAPVYLAAVLEYLAAEVLELAGNAARDNKKTRIVPRHIQLAVRNDEELSKLLGDVTIANGGVMPNIHNLLLPKKAGASKPQED,3702,Arabidopsis thaliana
NP_254280.1,canonical_H2A,H2A,15617199,MSGRGKQGGKARAKAKSRSSRAGLQFPVGRVHRLLRKGNYSERVGAGAPVYLAAVLEYLTAEILELAGNAARDNKKTRIIPRHLQLAIRNDEELNKLLGRVTIAQGGVLPNIQAVLLPKKTESHHKAKGK,9606,Homo sapiens
NP_505463.1,canonical_H2A,H2A,17562014,MSGRGKGGKAKTGGKAKSRSSRAGLQFPVGRLHRILRKGNYAQRVGAGAPVYLAAVLEYLAAEVLELAGNAARDNKKTRIAPRHLQLAVRNDEELNKLLAGVTIAQGGVLPNIQAVLLPKKTAGDKE,6239,Caenorhabditis elegans
NP_542163.1,canonical_H2A,H2A,18105045,MSGRGKQGGKARAKAKTRSSRAGLQFPVGRVHRLLRKGNYAERVGAGAPVYLAAVLEYLTAEILELAGNAARDNKKTRIIPRHLQLAIRNDEELNKLLGKVTIAQGGVLPNIQAVLLPKKTESHHKAK,9606,Homo sapiens
NP_724343.1,canonical_H2A,H2A,24585673,MSGRGKGGKVKGKAKSRSNRAGLQFPVGRIHRLLRKGNYAERVGAGAPVYLAAVMEYLAAEVLELAGNAARDNKKTRIIPRHLQLAIRNDEELNKLLSGVTIAQGGVLPNIQAVLLPKKTEKKA,7227,Drosophila melanogaster
NP_778235.1,canonical_H2A,H2A,28195394,MSGRGKQGGKARAKAKSRSSRAGLQFPVGRVHRLLRKGNYAERVGAGAPVYLAAVLEYLTAEILELAGNAARDNKKTRIIPRHLQLAVRNDEELNKLLGGVTIAQGGVLPNIQAVLLPKKTESHKPGKNK,9606,Homo sapiens
NP_835489.1,canonical_H2A,H2A,30061393,MSGRGKQGGKARAKAKTRSSRAGLQFPVGRVHRLLRKGNYSERVGAGAPVYLAAVLEYLTAEILELAGNAARDNKKTRIIPRHLQLAIRNDEELNKLLGRVTIAQGGVLPNIQAVLLPKKTESHHKAKGK,10090,Mus musculus
XP_001119899.1,canonical_H2A,H2A,110764935,MSGRGKGGKAKAKAKSRSNRAGLQFPVGRIHRLLRKGNYAERVGAGAPVYLAAVMEYLAAEVLELAGNAARDNKKTRIIPRHLQLAIRNDEELNKLLSGVTIAQGGVLPNIQAVLLPKKTEKKA,7460,Apis mellifera
XP_002365268.1,canonical_H2A,H2A,237831941,MSAKGKGGRAKKSGKSSSKSAKAGLQFPVGRIGRYLKKGRYAKRVGAGAPVYMAAVLEYLCAEILELAGNAARDHKKTRIIPRHIQLAVRNDEELSKFLGGVTIASGGVMPNVHSVLLPKKSKGKKSQ,508771,Toxoplasma gondii ME49
XP_003356618.1,canonical_H2A,H2A,335291892,MSGRGKQGGKARAKAKTRSSRAGLQFPVGRVHRLLRKGNYAERVGAGAPVYLAAVLEYLTAEILELAGNAARDNKKTRIIPRHLQLAIRNDEELNKLLGKVTIAQGGVLPNIQAVLLPKKTESHHKAKGK,9823,Sus scrofa
XP_003422330.1,canonical_H2A,H2A,344307320,MSGRGKQGGKARAKAKTRSSRAGLQFPVGRVHRLLRKGNYAERVGAGAPVYLAAVLEYLTAEILELAGNAARDNKKTRIIPRHLQLAIRNDEELNKLLGKVTIAQGGVLPNIQAVLLPKKTESHHKAKGK,9785,Loxodonta africana
XP_003478913.1,canonical_H2A,H2A,348586313,MSGRGKQGGKARAKAKSRSSRAGLQFPVGRVHRLLRKGNYAERVGAGAPVYMAAVLEYLTAEILELAGNAARDNKKTRIIPRHLQLAIRNDEELNKLLGKVTIAQGGVLPNIQAVLLPKKTESHHKAKGK,10141,Cavia porcellus
XP_004088806.1,canonical_H2A,H2A,441622123,MSGRGKQGGKARAKAKSRSSRAGLQFPVGRVHRLLRKGNYAERVGAGAPVYLAAVLEYLTAEILELAGNAARDNKKTRIIPRHLQLAIRNDEELNKLLGRVTIAQGGVLPNIQAVLLPKKTESHHKAKGK,61853,Nomascus leucogenys
XP_004847876.1,canonical_H2A,H2A,512971505,MSGRGKQGGKARAKAKTRSSRAGLQFPVGRVHRLLRKGNYAERVGAGAPVYLAAVLEYLTAEILELAGNAARDNKKTRIIPRHLQLAIRNDEELNKLLGKVTIAQGGVLPNIQAVLLPKKTESHHKAKGK,10181,Heterocephalus glaber
XP_005640150.1,canonical_H2A,H2A,545554572,MSGRGKQGGKARAKAKSRSSRAGLQFPVGRVHRLLRKGNYAERVGAGAPVYLAAVLEYLTAEILELAGNAARDNKKTRIIPRHLQLAIRNDEELNKLLGRVTIAQGGVLPNIQAVLLPKKTESHHKAKGK,9615,Canis lupus familiaris
XP_007485414.1,canonical_H2A,H2A,612000617,MSGRGKQGGKARAKAKSRSSRAGLQFPVGRVHRLLRKGNYAERVGAGAPVYMAAVLEYLTAEILELAGNAARDNKKTRIIPRHLQLAIRNDEELNKLLGKVTIAQGGVLPNIQAVLLPKKTESHHKTKGK,13616,Monodelphis domestica
XP_007634672.1,canonical_H2A,H2A,625285905,MSGRGKQGGKARAKAKTRSSRAGLQFPVGRVHRLLRKGNYSERVGAGAPVYLAAVLEYLTAEILELAGNAARDNKKTRIIPRHLQLAIRNDEELNKLLGRVTIAQGGVLPNIQAVLLPKKTESHHKAKGK,10029,Cricetulus griseus
XP_008246690.1,canonical_H2A,H2A,655885615,MSGRGKQGGKARAKAKTRSSRAGLQFPVGRVHRLLRKGNYAERVGAGAPVYLAAVLEYLTAEILELAGNAARDNKKTRIIPRHLQLAIRNDEELNKLLGKVTIAQGGVLPNIQAVLLPKKTESHHKAKGK,9986,Oryctolagus cuniculus
XP_008992112.1,canonical_H2A,H2A,675650858,MSGRGKQGGKVRAKAKSRSSRAGLQFPVGRIHRLLRKGKYADRIGAGAPVYLAAVLEYLTAEILELAGNASRDNKKTRIIPRHLQLAIRNDEELNKLLGGVTIAQGGVLPNIQAVLLPKKTESHHHKSQSK,9483,Callithrix jacchus
XP_009296490.1,canonical_H2A,H2A,688617969,MSGRGKTGGKARAKAKTRSSRAGLQFPVGRVHRLLRKGNYAERVGAGAPVYLAAVLEYLTAEILELAGNAARDNKKTRIIPRHLQLAVRNDEELNKLLGGVTIAQGGVLPNIQAVLLPKKTEKAAKGK,7955,Danio rerio
XP_009448979.1,canonical_H2A,H2A,694915112,MSGRGKQGGKARAKAKTRSSRAGLQFPVGRVHRLLRKGNYAERVGAGAPVYLAAVLEYLTAEILELAGNAARDNKKTRIIPRHLQLAIRNDEELNKLLGKVTIAQGGVLPNIQAVLLPKKTESHHKAKGKA,9598,Pan troglodytes
XP_010685819.1,canonical_H2A,H2A,731349093,MDSTAGGKAKKGAGGRKGGGPKKKPVSRSVKAGLQFPVGRIGRYLKKGRYAQRVGTGAPVYLAAVLEYLAAEVLELAGNAARDNKKNRIIPRHVLLAVRNDDELGKLLSGVTIAHGGVLPNINPVLLPKKAGGDKATKEPKSPSKATKSPKKA,3555,Beta vulgaris subsp. vulgaris
XP_011215280.1,canonical_H2A,H2A,752439274,MSGRGKQGGKARAKAKSRSSRAGLQFPVGRVHRLLRKGNYAERVGAGAPVYLAAVLEYLTAEILELAGNAARDNKKTRIIPRHLQLAIRNDEELNKLLGRVTIAQGGVLPNIQAVLLPKKTESHHKAKGK,9646,Ailuropoda melanoleuca
XP_637656.1,generic_H2A,H2A,66807867,MTESETTSKKVNKRVKPVPKSTKAGLIFPVGRIHRMLKNKVPLKRVSILSSVYLAAILEYLASEVLELTISQVSIQSKEYHNVRRISPRHLLLAIKTDEELDNLIRVSTTIAGGGVIPYIHEVLKKVEQKPTHPQQKQTIKSI,352472,Dictyostelium discoideum AX4
XP_845905.1,canonical_H2A,H2A,72391222,MATPKQAVKKASKGGSSRSVKAGLIFPVGRVGTLLRRGQYARRIGASGAVYMAAVLEYLTAELLELSVKAAAQQTKKTKRLTPRTVTLAVRHDDDLGALLRNVTMSRGGVMPSLNKALAKKQKSGKHAKATPSV,185431,Trypanosoma brucei brucei TREU927
NP_734466.1,H2A.1,H2A,25092737,MSGRGKQGGKARAKSKSRSSRAGLQFPVGRIHRLLRKGNYAERIGAGAPVYLAAVLEYLTAEILELAGNASRDNKKTRIIPRHLQLAIRNDEELNKLLGGVTIAQGGVLPNIQAVLLPKKTESHHHKAQSK,9606,Homo sapiens
NP_783589.1,H2A.1,H2A,28316756,MSGPTKRGGKARAKVKSRSSRAGLQFPVGRVHRLLRQGNYAQRIGAGAPVYLAAVLEYLTAEVLELAGNAARDNKKTRITPRHLQLAIRNDEELNKLLGRVTIAQGGVLPNIQAVLLPKKTESHKSQTK,10090,Mus musculus
EHB05905.1,H2A.B,H2A,351702986,MPRQALALTNERPPQGRAEPIFSVSQVERALCDGRYAQRLSCSASVFLAATLQFLSATVLELADREARYRSRRRITRELLDVATLKDALLCTLLGTTTISRVAPARP,10181,Heterocephalus glaber
NP_001017990.1,H2A.B,H2A,63029941,MPRRRRRRGSSGAGGRGRTCSRTVRAELSFSVSQVERSLREGHYAQRLSRTAPVYLAAVIEYLTAKVPELAGNEAQNSGERNITPLLLDMVVHNDRLLSTLFNTTTISQVAPGED,9606,Homo sapiens
NP_001017991.1,H2A.B,H2A,63029943,MPRRRRRRGSSGAGGRGRTCSRTVRAELSFSVSQVERSLREGHYAQRLSRTAPVYLAAVIEYLTAKVLELAGNEAQNSGERNITPLLLDMVVHNDRLLSTLFNTTTISQVAPGED,9606,Homo sapiens
NP_001069373.1,H2A.B,H2A,115495331,MPKKRGHQRSSGIRSRTAQSELSFSVSHMEHLLRKGHYAQRLSSSAPVFLAAVIQDLTSKVLELAGNEAQKNGEKRITPKLVDMAIHNNALLSSIFGMTTISLVAPGPH,9913,Bos taurus
NP_001180843.1,H2A.B,H2A,302564935,MSERRSHRRSSRAGGRGRTRSRTVRAELSFSVSQVERGLREGHYAQRLSPTAPVYLAAVIEYLTAKVLELAGNEAQNNGERNITPLLLDMAVHNNRLLSTLFDTTTISQVAPGGD,9544,Macaca mulatta
NP_001268459.1,H2A.B,H2A,528078357,MPRNTENCLQRSSGHRQHHSRTSRGELIFAVSLVEQHLREVSRARRLSDMVPVSLVAILEFLTSRLLELAGNEAQRRGTQRLITPQPLDLEVYSSMELSDVFQFITISQVAPAHR,10090,Mus musculus
NP_001268460.1,H2A.B,H2A,528078359,MPRNRENCLRESSGRRHRRSRTSRAELIFAVSLVEQHLREVSRARRLSDTVPIFLAAILESLTRRLLELAGNEAQRRGTERRITPELLDLAVYSNMELSDVFQFITISQVAPAHR,10090,Mus musculus
NP_542451.1,H2A.B,H2A,63029935,MPRRRRRRGSSGAGGRGRTCSRTVRAELSFSVSQVERSLREGHYAQRLSRTAPVYLAAVIEYLTAKVLELAGNEAQNSGERNITPLLLDMVVHNDRLLSTLFNTTTISQVAPGED,9606,Homo sapiens
XP_001145032.1,H2A.B,H2A,114690754,MPRRRRHRGSSGAGGRGRTCSRTVRAELSFSVSQVERSLREGQYAQRLSRTAPVYLAAVIEYLTAKVLELAGNEAQNSGARNITPLLLDMVVHNDRLLSTLFNTTTISQVAPGED,9598,Pan troglodytes
XP_002763866.1,H2A.B,H2A,296237715,MSERRSRRGSSAAGRRGHTRSRTARAELIFSVSKMERGLWEGHYAQRLSDNAPVYLAAVIQYLTAKILELAAKEADNRGERIITPRLLDMAVHNDGLLSTLFHAITISQVGPGPN,9483,Callithrix jacchus
XP_003135571.1,H2A.B,H2A,311277259,MPGKRSRRKSPGRQGRTCARTTRAGLSASVSHMERLLREGPYAQCLSSSARVFLAATIEYLTARVLELAGDEAQIVGRRCITPELVAMAVHNNALLSAFFGTLAISQVAPTQE,9823,Sus scrofa
XP_003282204.1,H2A.B,H2A,332266419,MPRRRSHRGSSGAGGRGRTCSRTVRAELSFSVSQVERGLREGHYAQRLSRTAPVYLAAVIEYLTAKVLELAGNEAQNNGERNITPLLLDMVVHNNRLLSTLFHTTTISRVAPGGD,61853,Nomascus leucogenys
XP_003421752.1,H2A.B,H2A,344306151,MAGKRSRRGGGGGGGGGGGGGGGGGSSRRQRRTRSRTELIFSASHVAHLLREGHYAQRLSSSAPVFLAAILKCLTAKILELAGNEAQNSGRRLVTPELVDMAVHNNALLSGFFLTTTISQVAPAR,9785,Loxodonta africana
XP_003514308.1,H2A.B,H2A,354504491,MPRTRQSSRRGSSSRRSRTDRAELTFSVSLVEHHLRESGHARRLSETVPILVTAILEFLTRRLLELASNEAQRLGAQRLITPEILDLTIYNNALLSEMFQFTTISQTAPAGPRRRRRQI,10029,Cricetulus griseus
XP_003515491.1,H2A.B,H2A,354506888,MPRTRQSSLRGSSSRRSRTDRAELTFSVSLVEHHLRESGHAPRLSETVPILLTAILEFLTRRLLELASNEAQRLGAQRLITPEILDLTVYNNTLLSQLLQFTTISQTAPAGRRRRRRQT,10029,Cricetulus griseus
XP_011215272.1,H2A.B,H2A,752439251,MPGDRSRRGSSSGQRRTRSRTARAELSFSVSHVERLLREGHYAQRLGSSAPVFLAAVIQYLTAKVLELAGNEAQNSGGRRITPQLVDMAVHNHALLSGFFGTTTISQVAPAWN,9646,Ailuropoda melanoleuca
NP_808760.1,H2A.J,H2A,29553970,MSGRGKQGGKVRAKAKSRSSRAGLQFPVGRVHRLLRKGNYAERVGAGAPVYLAAVLEYLTAEILELAGNAARDNKKTRIIPRHLQLAIRNDEELNKLLGKVTIAQGGVLPNIQAVLLPKKTESQKTKSK,9606,Homo sapiens
EHB04253.1,H2A.L,H2A,351701334,MAGKKRRQNSSKPRKQAVSRSTRAELQFPVSRVEHYLREGGYAHRLASSTPVFLAGVLEYLRANILDLAGKEAQGKRKKCITPQHLETAMENNQHLRPLFQDDPKSLLDETSQPNPRRSDEAWVPEHGKTFSTSSSSPQNTHR,10181,Heterocephalus glaber
EHB10563.1,H2A.L,H2A,351707644,MAGKKRRQNSSKPRKQAVSRSTRAELQFPVSRVEHYLREGGYAHRLGSSTPVFLAGVLKYLRANILDLAGKEAQGKRKKCIAPQHLETAMENNQHLRPLFQDGPKSLLDETSQPKKK,10181,Heterocephalus glaber
EHB17227.1,H2A.L,H2A,351714308,MDIHRQRPNQSPVDTNDITKPRLSQRQLLTSEKHRETSGWAQALLFGEAQARREIKLGQLKPNTASIMAGKKRRQNSSKPRKQAVSRSTRAELQFPVSRVERYLREGGYAQRLGSSTPVFLAGVLEYLTANILDLAGKEAEGNCKKRITPQHLETVMENNQQLRALFQGDTKSLLDETSQLKKKC,10181,Heterocephalus glaber
NP_001071426.1,H2A.L,H2A,118151026,MSPGRHLWNCRRSRRRSLSRSTRAELQFPVSRVDRLLREGQFANRLSSATPVFLTGILEYLIANILDLAGKEACTNHRVRISPEHVQTALVNNENLRCLFQPGAFSQPAASPPAPEN,9913,Bos taurus
NP_080903.1,H2A.L,H2A,13386112,MARKRQRRRRRKVTRSQRAELQFPVSRVDRFLREGNYSRRLSSSAPVFLAGVLEYLTSNILELAGEVAHTTGRKRIAPEHVCRVVQNNEQLHQLFKQGGTSVFEPPEPDDN,10090,Mus musculus
NP_083864.1,H2A.L,H2A,13386420,MAKKMQRRRRQKRTRSQRGELPLSLVDRFLREEFHSSRLSSSALSFLTSVLEYLTSNILELAGEVAHTTGRKRVTPEDVRLVVQNNEQLRQLFKPGGTSVNEDDN,10090,Mus musculus
XP_002719866.1,H2A.L,H2A,291407314,MRGKKPSKKAGKRRKPNVSRSTRAELQFPVSRVDRHLHHDRYAQRLSSSTPVFLAGVLEYLTSNILELAGEEAHKNSRIRITPEHMRKAIESSEHLRDLLEEDPKPRDEDVAQPEEKE,9986,Oryctolagus cuniculus
XP_002720052.1,H2A.L,H2A,291407300,MRGKKPSKKAGKRRKPNVSRSTRAELQFPVSRVDRHLHHDRYAQRLSSSTPVFLAGVLEYLTSNILELAGEEAHKNSRVRITPEHMRKAIESSEHLRDLLEEDPKPRDEDVAQPEEKE,9986,Oryctolagus cuniculus
XP_002927211.1,H2A.L,H2A,301783589,MSGRRSPWHSHQHKRHGLSRSMRAELQFPVSRVDRLLREGCYAQRLSSSTPVFLTGVLEYLTANILELAGQEARNHHKMRITPEHVQRALVNNQHLSCLFEDITSLPAKGAPRLRKC,9646,Ailuropoda melanoleuca
XP_003360303.2,H2A.L,H2A,350595614,MSRKRNLPQCNRRKKHALSRSSRAELQFPVSRVDRYLREGRYAQRLSSQAPVFLAGVLEYLTANILELAASEARSNNKMRIAPEHVQRAASHNQTLSSLFQASSVSRGAEEGAEEPLPEAGR,9823,Sus scrofa
XP_003469395.1,H2A.L,H2A,348567212,MAAKKCKGISSKPRKHPVSRSTRAQLQFPVSRVERYLRENGYLRLSACTPVFLAGILEYLTASALHLAARVAHRRHKKRISPEHLARALEKSEQLRQVFGDSTKALLDEIIQAKKK,10141,Cavia porcellus
XP_003469399.1,H2A.L,H2A,348567220,MDGKKSNEKSSQLRKHPVSCSRRAELQLPVSRMERYLRENSYAPHLPFSTPVFLEGVLEYLTASILDLARKEARGKRKKHILPQHLETAAENNQQLGLRFGDSRKSMLDEMTQNKKK,10141,Cavia porcellus
XP_003484147.1,H2A.L,H2A,350595620,MSRKRNLPQCSHRKKHALSCSSRAELQFPMSSLDCVLPEGQYAQRLSSYTPVFLAGVLEHLMAHILELAAREARSSRKVRITPEHVQRALNNNETLSRLFQASSVSRGAEEGAEEPGAEEPLPEAGQ,9823,Sus scrofa
XP_003508207.1,H2A.L,H2A,354492135,MEEKKRKETISRITRGQLQFSLDRIERFFRDGNFSQRLSASAPVFLAGVLEFLTSNILDLAGREAHANGTRLITPEHVTQVVQNNDQLREVFKEHEDPVVSETPEPEKN,10029,Cricetulus griseus
XP_548938.1,H2A.L,H2A,57112025,MSGERGPGHSRRPRRHGLSRSRRAELQFPVSRVDRLLREGHYAHRLSSSTPVFLAGILEYLTSNILELAGQEARNSHKMRITPEHLQKALGNNQYLSQLFEENTYSQGDGMVQARKWSGPGTGADSRI,9615,Canis lupus familiaris
XP_548947.1,H2A.L,H2A,57112039,MSGERGPGHSRRPRRHGLSRSRRAELQFPVSRVDRLLREGCYAHRLSSSTPVFLTGILEYLTSNILELVGQEACNSHKMRITPEHMQKALGNNQYLSQLFEENTYSQGDGMVQARKWSGPGTGADSRI,9615,Canis lupus familiaris
XP_875023.2,H2A.L,H2A,119923405,MSPRRHLWNCRRSRRHSLSRSTRAELQFPVSRVDRLLREGQGAYRLSSATPVFLTAVLEYLIANILDLAGKEACTNHRVRISPEHVQTALINNENLRRLFQPGAFSQPTASPHLPEN,9913,Bos taurus
AAC26851.1,H2A.P,H2A,3329433,EPNPANIMSEKKNCKNSSTNNNQTQDPSRNELQVPRSFVDRVVQDERDVQSQSSSTINTLLTLLDCLADYIMERVGLEASNNGSMRNTSQDREREVDNNREPHSAESDVTRFLFDEMPKSRKND,9606,Homo sapiens
EHB10562.1,H2A.P,H2A,351707643,MMCEQKSQYGSYKDNNQQEDPASRPEQQLPVSDIYCILHEEYNPYFSSTSDLLLAMLESLTDYILTLVGSEGNNVGMPTNPQDGEREMDNNHEHPPIIPDVSFSFSDEMPGSRKKG,10181,Heterocephalus glaber
EHH30639.1,H2A.P,H2A,355704714,MSEKNNRKNSSANNNQIQDRSRNELRVPMSFVDRVVQDEQDAQSQSSSTINILLTLLDCLADYIMEQVGLEAINNGRMRNTSQDGEREGDNHHEPHRTESDGTRFVFDEMPKSGKND,9544,Macaca mulatta
NP_001128070.1,H2A.P,H2A,197386154,MSGKKSQEKACSDNKQTEDPSSRPEVQVPVNYVYRLLQEEQYTPCLGSTTSDFLLAMLDYLTDYILEVVGSEANINSQQNISQDRERQRENDREPPQAFKNAPFSLFDEMPGPRRNG,10116,Rattus norvegicus
NP_036406.1,H2A.P,H2A,150456434,MSEKKNCKNSSTNNNQTQDPSRNELQVPRSFVDRVVQDERDVQSQSSSTINTLLTLLDCLADYIMERVGLEASNNGSMRNTSQDREREVDNNREPHSAESDVTRFLFDEMPKSRKND,9606,Homo sapiens
NP_080372.1,H2A.P,H2A,13385600,MSEKKSQEKPCSDNNQIEDPSSRPEVQVPVNYVYRILQEEQYTPCIGSTTSDFLLAMLDYLTDYILEVVGSEANINNQQNISQDRERQRDNDREPSRGFKNAPFSLFDEMPGPRRNG,10090,Mus musculus
XP_002913536.1,H2A.P,H2A,301755368,MSGKKSHESSYQTQAHLITTELQVPVSYVDRLLQENQYNHPLSSSTTDFLLTMLDYLTDYILDVVGTEANNSNMPTAPQDVERAVDSSGEPYHRSKDTAFTLFDEMPGSRRNG,9646,Ailuropoda melanoleuca
XP_003135058.1,H2A.P,H2A,311276123,MSGKQSPEGSYEAPTHLTTTEPQVPVSFVDHLLQEDQYVHTLSSSTTHFLFSVLEYLTDYILDLVDTKANTGRMQMTPQDVERAVDSNAEPHRQVKDTAFALFDEMPGSRRNG,9823,Sus scrofa
XP_003317470.1,H2A.P,H2A,332860554,MSEKKNCKNSSTNNNQTQDPSRNELQVPMSFVDRVVQDERDVQSQSSSTINTLLTLLDCLADYIMERVGLEASNNGSMRNTSQDREREVDNNREPHSAESDVTRFLFDEMPKSRKND,9598,Pan troglodytes
XP_003508203.1,H2A.P,H2A,354492127,MSGKKNQGKSCSDNKKMEDPSSKPEVQIPVNYVYHLLQEEQYTPCLGSTTSDFLLAMLDYITDYILEVVGSEANINSQQDIPQDRERQGDNDHDHSHAFKNAPFSLFDEMPGPRRNG,10029,Cricetulus griseus
XP_005641297.1,H2A.P,H2A,545557820,MEPNPANIMSGNKNHESSNQTQAHLVTTELQFPVSYVDRLLQEDQRTHCLSSTSTEFLLAMLDSLTDYILERVGTEANNNNMQTAPQDVERAVGSNREPQQCLKDTAFTLFDEMPRSRRNG,9615,Canis lupus familiaris
NP_001105357.1,H2A.W,H2A,162458988,MDSTGTGAGGKGKKGAAGRKVGGPRKKSVSRSVKAGLQFPVGRIGRYLKKGRYAQXVGTGAPVYLAAVLEYLAAEVLELAGNAARDNKKTRIIPRHVLLAIRNDEELGKLLGGVTIAHGGVLPNINPVLLPKKTAEKASSGGSKEAKSPKKAAKSPKKA,4577,Zea mays
NP_001141182.1,H2A.W,H2A,226492688,MDVSGAGGKAKKGAAGRKAGGPTKKSVSRSSRAGLQFPVSRVGRYLKKGRYAQRVGTGAPVYLAAVLEYLAAEVLELAGNAARDNKKTRIIPRHVLLAIRNDEELGKLLAGVTIAHGGVLPNIHTVLLPKKVAEKAAKEPKKAAKSPKKA,4577,Zea mays
NP_001183143.1,H2A.W,H2A,308080448,MDASGAGSKAKKGAAGRKAGGPRKKSVSRSVKAGLQFPVGRIGRYLKKGRYAQRVGTGAPVYLAAVLEYLAAEVLELAGNAAKDNKKTRIVPRHVLLAIRNDVELGKLLAGVTIAHGGVLPNINPVLLPKKVAEKASSGGSKESKSPKKAAKSPKKAAKSPKKA,4577,Zea mays
NP_001183439.1,H2A.W,H2A,308081862,MDASGAGSKGKKGAAGRKAGGPRKKSVTRSVKAGLQFPVGRIGRYLKKGRYAQRVGTGAPVYLAAVLEYLAAEVLELAGNAAKDNKKTRIIPRHVLLAIRNDEELGKLLAGVTIAHGGVLPNIHSVLLPKKAAEKAASGGSKEPKSPKKGAKSPKKA,4577,Zea mays
NP_001183510.1,H2A.W,H2A,308080088,MDASAAGAGGKAKKGAAGRKAGGPRKKSVTRSVKAGLQFPVGRIGRYLKKGRYAQRVGTGAPVYLAAVLEYLAAEVLELAGNAAKDNKKTRIIPRHVLLAIRNDEELGKLLSGVTIAHGGVLPNINPVLLPKKTAEKAAAKEAKSPKKAAKSPKKA,4577,Zea mays
NP_001278724.1,H2A.W,H2A,620597319,MDAGAKVVKKAAAGRRGGGGPKKKPVSRSVKAGLQFPVGRIGRYLKQGRYSQRVGTGAPVYLAAVLEYLAAELLELAGNAARDNKKNRIIPRHVLLAIRNDEELGKLLAGVTIAHGGVLPNINPVLLPKKTAVAAAKEGKEKKSPKKAAAAKSPKKVAAS,4577,Zea mays
NP_001281214.1,H2A.W,H2A,659928085,MDATGTGAGGKAKKGAAGRKAGGPRKKSVTRSVKAGLQFPVGRIGRYLKKGRYAQRVGSGAPVYLAAVLEYLAAEVLELAGNAAKDNKKTRIVPRHVLLAIRNDEELGKLLTGVTIAHGGVLPNINPVLLPKKTAEKASSGGSKEAKSPKKAAKSPKKA,4577,Zea mays
NP_198119.1,H2A.W,H2A,15241016,MESSQATTKPTRGAGGRKGGDRKKSVSKSVKAGLQFPVGRIARYLKKGRYALRYGSGAPVYLAAVLEYLAAEVLELAGNAARDNKKNRINPRHLCLAIRNDEELGRLLHGVTIASGGVLPNINPVLLPKKSTASSSQAEKASATKSPKKA,3702,Arabidopsis thaliana
NP_200795.1,H2A.W,H2A,15238549,MESTGKVKKAFGGRKPPGAPKTKSVSKSMKAGLQFPVGRITRFLKKGRYAQRLGGGAPVYMAAVLEYLAAEVLELAGNAARDNKKSRIIPRHLLLAIRNDEELGKLLSGVTIAHGGVLPNINSVLLPKKSATKPAEEKATKSPVKSPKKA,3702,Arabidopsis thaliana
AAC37291.1,H2A.X,H2A,310870,MSTTGKGGKAKGKTASSKQVSRSARAGLQFPVGRISRFLKHGRYSERVGTGAPVYLAAVLEYLAAEVLELAGNAAKDNKKTRIVPRHILLAIRNDEELNKLMANTTIADGGVLPNINPMLLPSKSKKTESRGQASQDL,5911,Tetrahymena thermophila
NP_001066920.1,H2A.X,H2A,115488866,MSSAGGGGGRGKSKGSKSVSRSSKAGLQFPVGRIARYLKAGKYAERVGAGAPVYLSAVLEYLAAEVLELAGNAARDNKKNRIVPRHIQLAVRNDEELSRLLGAVTIAAGGVLPNIHQTLLPKKGGKDKADIGSASQEF,39947,Oryza sativa Japonica Group
NP_001073248.1,H2A.X,H2A,119331192,MSGRGKTGGKARAKAKSRSSRAGLQFPVGRVHRLLRKGHYAERVGAGAPVYLAAVLEYLTAEILELAGNAARDNKKTRIIPRHLQLAIRNDEELNKLLGGVTIAQGGVLPNIQAVLLPKKTSATVGPKAPAGGKKATQASQEY,9913,Bos taurus
NP_001102761.1,H2A.X,H2A,157817664,MSGRGKTGGKARAKAKSRSSRAGLQFPVGRVHRLLRKGHYAERVGAGAPVYLAAVLEYLTAEILELAGNAARDNKKTRIIPRHLQLAIRNDEELNKLLGGVTIAQGGVLPNIQAVLLPKKTSATVGPKAPAGGKKASQASQEY,10116,Rattus norvegicus
NP_002096.1,H2A.X,H2A,4504253,MSGRGKTGGKARAKAKSRSSRAGLQFPVGRVHRLLRKGHYAERVGAGAPVYLAAVLEYLTAEILELAGNAARDNKKTRIIPRHLQLAIRNDEELNKLLGGVTIAQGGVLPNIQAVLLPKKTSATVGPKAPSGGKKATQASQEY,9606,Homo sapiens
NP_009552.1,H2A.X,H2A,6319470,MSGGKGGKAGSAAKASQSRSAKAGLTFPVGRVHRLLRRGNYAQRIGSGAPVYLTAVLEYLAAEILELAGNAARDNKKTRIIPRHLQLAIRNDDELNKLLGNVTIAQGGVLPNIHQNLLPKKSAKTAKASQEL,559292,Saccharomyces cerevisiae S288C
NP_010511.3,H2A.X,H2A,398366187,MSGGKGGKAGSAAKASQSRSAKAGLTFPVGRVHRLLRRGNYAQRIGSGAPVYLTAVLEYLAAEILELAGNAARDNKKTRIIPRHLQLAIRNDDELNKLLGNVTIAQGGVLPNIHQNLLPKKSAKATKASQEL,559292,Saccharomyces cerevisiae S288C
NP_034566.1,H2A.X,H2A,7106331,MSGRGKTGGKARAKAKSRSSRAGLQFPVGRVHRLLRKGHYAERVGAGAPVYLAAVLEYLTAEILELAGNAARDNKKTRIIPRHLQLAIRNDEELNKLLGGVTIAQGGVLPNIQAVLLPKKSSATVGPKAPAVGKKASQASQEY,10090,Mus musculus
NP_172363.1,H2A.X,H2A,15223948,MSTGAGSGTTKGGRGKPKATKSVSRSSKAGLQFPVGRIARFLKSGKYAERVGAGAPVYLSAVLEYLAAEVLELAGNAARDNKKTRIVPRHIQLAVRNDEELSKLLGSVTIANGGVLPNIHQTLLPSKVGKNKGDIGSASQEF,3702,Arabidopsis thaliana
NP_175868.1,H2A.X,H2A,15221875,MSSGAGSGTTKGGRGKPKATKSVSRSSKAGLQFPVGRIARFLKAGKYAERVGAGAPVYLSAVLEYLAAEVLELAGNAARDNKKTRIVPRHIQLAVRNDEELSKLLGSVTIANGGVLPNIHQTLLPSKVGKNKGDIGSASQEF,3702,Arabidopsis thaliana
NP_594421.1,H2A.X,H2A,19115333,MSGGKSGGKAAVAKSAQSRSAKAGLAFPVGRVHRLLRKGNYAQRVGAGAPVYLAAVLEYLAAEILELAGNAARDNKKTRIIPRHLQLAIRNDEELNKLLGHVTIAQGGVVPNINAHLLPKQSGKGKPSQEL,4896,Schizosaccharomyces pombe
NP_957367.1,H2A.X,H2A,41055102,MSGRGKTGGKARAKAKTRSSRAGLQFPVGRVHRLLRKGNYAERVGAGAPVYLAAVLEYLTAEILELAGNAARDNKKTRIIPRHLQLAVRNDEELNKLLGGVTIAQGGVLPNIQAVLLPKKTGQAAASSGKSGKKGSSQSQEY,7955,Danio rerio
XP_001370540.1,H2A.X,H2A,126326560,MSGRGKTGGKARAKAKSRSSRAGLQFPVGRVHRLLRKGHYAERVGAGAPVYLAAVLEYLTAEILELAGNAARDNKKTRIIPRHLQLAIRNDEELNKLLGGVTIAQGGVLPNIQAVLLPKKSGAITGPKAPGSGGSKKSTQASQEY,13616,Monodelphis domestica
XP_001704715.1,H2A.X,H2A,159108895,MSTKPVKDNSKMKSRSARAGISFPIGRIHRHLREGRYAERISSDAPVYLAAVLENVVAEVFREACNHRDKKSQKRIVPNHILTALRKDKELATIFANVTIREGGVARSAKEGREGKGSHRSQDL,5741,Giardia intestinalis
XP_002116274.1,H2A.X,H2A,196012824,MSGRGKGGKARNKAKSRSTRAGLQFPVGRVHRMLRKGNYAERVGAGAPVYLAAVMEYLAAEILELAGNAARDNKKQRIVPRHLQLAIRNDEELNKLLSGVTIAQGGVLPNIQAVLLPKKSKVPIAGSKKGSSQSQEY,10228,Trichoplax adhaerens
XP_002365290.1,H2A.X,H2A,237831985,MSAKGAGGRKKTSSGKKVSRSAKAGLQFPVSRIGRYLKKGRYAKRVGVGAPVYLAAVLEYLCAEILELAGNAARDHKKTRIIPRHIQLAVRNDEELSKFLGGVTIANGGVMPHVHAVLLPKHSKSKGKHGVSQEF,508771,Toxoplasma gondii ME49
XP_002784006.1,H2A.X,H2A,294943912,MSGKGKGGRGKAGKKSGSGAKSRSAKAGLQFPVGRIARYLKKGRYAKRVGSGAPVYLAAVLEYLVAEILELAGNAARDHKKTRIIPRHIQLAVRNDEELNKFLAGVTLASGGVLPNIHTTLLPKKSKGKSFTASQEI,423536,Perkinsus marinus ATCC 50983
XP_008644553.1,H2A.X,H2A,670405864,MSSTGGGGRGKAKPATKSVSRSSKAGLQFPVGRIARYLKAGKYAERVGAGAPVYLSAVLEYLAAEVLELAGNAARDNKKNRIVPRHIQLAVRNDEELSKLLGTVTIAAGGVMPNIHQTLLPKKAGQKGDIGSASQEF,4577,Zea mays
XP_008662624.1,H2A.X,H2A,670444449,MSSGGGRGKPKGSKALSRSTKAGLQFPVGRIARYLKAGKYAERVGGGAPVYLSAVLEYLAAEVLELAGNAARDNKKNRIVPRHIQLAVRNDEELSKLLGAVTIAAGGVLPNIHQTLLPKKAGGKGKADIGSASQEF,4577,Zea mays
XP_011387544.1,H2A.X,H2A,758974979,MSSGGKSGGKAGDASSKAQSRSAKAGLQFPVGRIHRLLRKGNYAQRVGAGAPVYLAAVLEYLAAEILELAGNAARDNKKSRIIPRHLQLAIRNDEELNKLLGGVTISQGGVLPFIQSELLPAKSGKPKKAGGSQDI,237631,Ustilago maydis 521
XP_624700.1,H2A.X,H2A,66506394,MSGRGKGGKAKGKAKTRSSRAGLQFPVGRIHRLLRKGNYAERVGAGAPVYLAAVMEYLAAEVLELAGNAARDNKKTRIIPRHLQLAIRNDEELNKLLSGVTIAQGGVLPNIQAVLLPKKTGTGGSGKGDKASQEY,7460,Apis mellifera
XP_627120.1,H2A.X,H2A,66359884,MSGKVTSSGGRGGGKKTTRKTMSNSAKAGLQFPVGRVARYLKKGRYAKRIGAAAPVYLAAVLEYLCAELLELAGNAARDAKKTRITPRQIQLAVRNDEELSKFLGNVTIASGGVLPNIPTVLLPKKSKSKQGNSQEF,353152,Cryptosporidium parvum Iowa II
XP_641587.1,H2A.X,H2A,66814816,MSETKPASSKPAAAAKPKKVIPRVSRTGEPKSKPESRSARAGITFPVSRVDRLLREGRFAPRVESTAPVYLAAVLEYLVFEILELAHNTCSISKKTRITPQHINWAVGNDLELNSLFQHVTIAYGGVLPTPQQSTGEKKKKPSKKAAEGSSQIY,352472,Dictyostelium discoideum AX4
CAA33554.1,H2A.Z,H2A,10823,MAGGKGGKGGKGGKGGKVGGAKNKKTPQSRSYKAGLQFPVGRIHRFLKGRVSAKNRVGATAAVYAAAILEYLTAEVLELAGNASKDFKVRRITPRHLLLAIRGDEELDILIKATIAGGGVIPHIHKALLGKHSTKNRSSAKTAEPR,5911,Tetrahymena thermophila
EDO46289.1,H2A.Z,H2A,156225472,MAGGKAGKDSKAKAKAVSRSARAGLQFPVGRIHRHLKNRTTSHGRVGATAAVYSAAILEYLTAEVLELAGNASKDLKVKRITPRHLQLAIRGDEELDSLIKATIAGGGVIPHIHKSLIGKKGANKPT,45351,Nematostella vectensis
NP_001026545.1,H2A.Z,H2A,71897327,MAGGKAGKDSGKTKTKAVSRSQRAGLQFPVGRIHRHLKSRTTSHGRVGATAAVYSAAILEYLTAEVLELAGNASKDLKVKRITPRHLQLAIRGDEELDSLIKATIAGGGVIPHIHKSLIGKKGQQKTV,9031,Gallus gallus
NP_001036788.1,H2A.Z,H2A,112807244,MAGGKAGKDSGKAKTKAVSRSQRAGLQFPVGRIHRHLKTRTTSHGRVGATAAVYSAAILEYLTAEVLELAGNASKDLKVKRITPRHLQLAIRGDEELDSLIKATIAGGGVIPHIHKSLIGKKGQQKTV,7955,Danio rerio
NP_001051232.1,H2A.Z,H2A,115455263,MAGKGGKGLLAAKTTAAKSAEKDKGKKAPVSRSSRAGLQFPVGRIHRQLKQRTQANGRVGATAAVYSAAILEYLTAEVLELAGNASKDLKVKRITPRHLQLAIRGDEELDTLIKGTIAGGGVIPHIHKSLINKSSKE,39947,Oryza sativa Japonica Group
NP_001136523.1,H2A.Z,H2A,219362481,MAGKGGKGLLAAKTTAAKSAEKDKGKKAPISRSSRAGLQFPVGRIHRQLKQRTQANGRVGATAAVYSAAILEYLTAEVLELAGNASKDLKVKRITPRHLQLAIRGDEELDTLIKGTIAGGGVIPHIHKSLINKSSKE,4577,Zea mays
NP_001141633.1,H2A.Z,H2A,226532207,MAGKGGKGLLAAKTTAAKSTDKDKDRKKAPVSRSSRAGLQFPVGRIHRQLKSRASAHGRVGATAAVYSAAILEYLTAEVLELAGNASKDLKVKRITPRHLQLAIRGDEELDTLIKGTIAGGGVIPHIHKSLINKTAKE,4577,Zea mays
NP_002097.1,H2A.Z,H2A,4504255,MAGGKAGKDSGKAKTKAVSRSQRAGLQFPVGRIHRHLKSRTTSHGRVGATAAVYSAAILEYLTAEVLELAGNASKDLKVKRITPRHLQLAIRGDEELDSLIKATIAGGGVIPHIHKSLIGKKGQQKTV,9606,Homo sapiens
NP_014631.1,H2A.Z,H2A,6324562,MSGKAHGGKGKSGAKDSGSLRSQSSSARAGLQFPVGRIKRYLKRHATGRTRVGSKAAIYLTAVLEYLTAEVLELAGNAAKDLKVKRITPRHLQLAIRGDDELDSLIRATIASGGVLPHINKALLLKVEKKGSKK,559292,Saccharomyces cerevisiae S288C
NP_036544.1,H2A.Z,H2A,6912616,MAGGKAGKDSGKAKAKAVSRSQRAGLQFPVGRIHRHLKTRTTSHGRVGATAAVYSAAILEYLTAEVLELAGNASKDLKVKRITPRHLQLAIRGDEELDSLIKATIAGGGVIPHIHKSLIGKKGQQKTA,9606,Homo sapiens
NP_175683.1,H2A.Z,H2A,15219078,MSGKGAKGLIMGKPSGSDKDKDKKKPITRSSRAGLQFPVGRVHRLLKTRSTAHGRVGATAAVYTAAILEYLTAEVLELAGNASKDLKVKRISPRHLQLAIRGDEELDTLIKGTIAGGGVIPHIHKSLINKSAKE,3702,Arabidopsis thaliana
NP_181415.1,H2A.Z,H2A,15224957,MAGKGGKGLLAAKTTAAAANKDSVKKKSISRSSRAGIQFPVGRIHRQLKQRVSAHGRVGATAAVYTASILEYLTAEVLELAGNASKDLKVKRITPRHLQLAIRGDEELDTLIKGTIAGGGVIPHIHKSLVNKVTKD,3702,Arabidopsis thaliana
NP_191019.1,H2A.Z,H2A,15232536,MAGKGGKGLVAAKTMAANKDKDKDKKKPISRSARAGIQFPVGRIHRQLKTRVSAHGRVGATAAVYTASILEYLTAEVLELAGNASKDLKVKRITPRHLQLAIRGDEELDTLIKGTIAGGGVIPHIHKSLINKTTKE,3702,Arabidopsis thaliana
NP_193093.1,H2A.Z,H2A,15236314,MVCNTNILKDVSTKISAFENVRMIMVEGEMFQVARIHKQLKNRVSAHSSVGATDVVYMTSILEYLTTEVLQLAENTSKDLKVKRITPRHLQLAIRGDEELDTLIKGTIIGGSVIPHIH,3702,Arabidopsis thaliana
NP_524519.1,H2A.Z,H2A,17738227,MAGGKAGKDSGKAKAKAVSRSARAGLQFPVGRIHRHLKSRTTSHGRVGATAAVYSAAILEYLTAEVLELAGNASKDLKVKRITPRHLQLAIRGDEELDSLIKATIAGGGVIPHIHKSLIGKKEETVQDPQRKGNVILSQAY,7227,Drosophila melanogaster
NP_595630.3,H2A.Z,H2A,429240082,MSGGGKGKHVGGKGGSKIGERGQMSHSARAGLQFPVGRVRRFLKAKTQNNMRVGAKSAVYSAAVLEYLTAEVLELAGNAAKDLKVKRITPRHLQLAIRGDEELDTLIRATIAGGGVLPHINKQLLIRTKEKYPEEEEII,4896,Schizosaccharomyces pombe
NP_619541.1,H2A.Z,H2A,20357599,MAGGKAGKDSGKAKAKAVSRSQRAGLQFPVGRIHRHLKTRTTSHGRVGATAAVYSAAILEYLTAEVLELAGNASKDLKVKRITPRHLQLAIRGDEELDSLIKATIAGGEKRRCS,9606,Homo sapiens
NP_705930.1,H2A.Z,H2A,24111226,MAGGKAGKDSGKAKAKAVSRSQRAGLQFPVGRIHRHLKTRTTSHGRVGATAAVYSAAILEYLTAEVLELAGNASKDLKVKRITPRHLQLAIRGDEELDSLIKATIAGGGVIPHIHKSLIGKKGQQKTA,7955,Danio rerio
NP_958844.1,H2A.Z,H2A,41406067,MFPVGRIHRHLKTRTTSHGRVGATAAVYSAAILEYLTAEVLELAGNASKDLKVKRITPRHLQLAIRGDEELDSLIKATIAGGGVIPHIHKSLIGKKGQQKTA,9606,Homo sapiens
NP_958924.1,H2A.Z,H2A,41406069,MAGGKAGKDSGKAKAKAVSRSQRAGLQFPVGRIHRHLKTRTTSHGRVGATAAVYSAAILEYLTAEV,9606,Homo sapiens
NP_958925.1,H2A.Z,H2A,41406071,MAGGKAGKDSGKAKAKAVSRSQRAGLQVLELAGNASKDLKVKRITPRHLQLAIRGDEELDSLIKATIAGGGVIPHIHKSLIGKKGQQKTA,9606,Homo sapiens
P02272.2,H2A.Z,H2A,121988,MAGGKAGKDSGKAKAKAVSRSQRAGLQFPVGRIHRHLKTRTTSHGRVGATAAVYSAAILEYLTAEVLELAGNASKDLKVKRITPRHLQLAIRGDEELDSLIKATIAGGGVIPHIHKSLIGKKGQQKTA,9031,Gallus gallus
XP_002111498.1,H2A.Z,H2A,196003262,MAGGKAGKDSKTKAKAVSRSARAGLQFPVGRIHRHLKNRTTSHGRVGATAAVYSAAILEYLTAEVLELAGNASKDLKVKRITPRHLQLAIRGDEELDSLIKATIAGGGVIPHIHKSLIGKKGANKPN,10228,Trichoplax adhaerens
XP_002371743.1,H2A.Z,H2A,237844891,MDGAGKVGGKVGGKVGGKVGGMGKGGKGKSGSGKGKKAPLSRAARAGLQFPVGRVHRMLKSRISSEGRVGSTAAVYASAILEYLTAEVLELAGNASKDLKVKRITPRHLQLAIRGDEELDTLIKATIAGGGVIPHIHKSLMTKGPSTQPMKKAKK,508771,Toxoplasma gondii ME49
XP_002776752.1,H2A.Z,H2A,294899805,MSTRKQTDVSLPVPVVTQLAGGKGIKGAGLQGGKGGKGGKGAKVHGGKGKIGGKGSSITRSARAGLQFPVGRVRRYLKDRATANCRVGSTAAVYTAAILEYLTAEVLELAGNAAKDQKVKRITPRHLHLAIRGDDELDVLIRATIAGGGVVPYIHQSLTVKTPYHKKKRVM,423536,Perkinsus marinus ATCC 50983
XP_002784054.1,H2A.Z,H2A,294944035,MSDLKKTDINKSVPVVTQLAGGKGIKGAGLQGGKGGKGGKGAKVHGGKGKMGGKGASMTRSARAGLQFPVGRVRRYLKDRATANCRVGSTAAVYTAAILEYLTAEVLELAGNAAKDQKVKRITPRHLHLAIRGDDELDVLIRATIAGGGVVPYIHQSLTAKAPYHKKKRVM,423536,Perkinsus marinus ATCC 50983
XP_002784055.1,H2A.Z,H2A,294944037,MSDLKKTDINKSVPVVTQLGRLLDVASLSTPSSSLFCLAGGKGIKGAGLQGGKGGKGGKGAKVHGGKGKIGGKGTSMTRSARAGLQFPVGRVRRYLKDRATANCRVGSTAAVYTAAILEYLTAEVLELAGNAAKDQKVKRITPRHLHLAIRGDDELDVLIRATIAGGGVVPYIHQSLTAKAPYHKKKRVM,423536,Perkinsus marinus ATCC 50983
XP_626045.1,H2A.Z,H2A,66357734,MDGATSSGKIGGKVGGKVGGKGKAGSGKGSKKQPTSRAARAGLQFPVGRIQRMLKHRIPGDCRVGSTASVYAAAILEYLTAEVLELAGNASKDLKVKRITPRHLQLAIRGDEELDSLIKATIAGGGVIPHIEKSLMGKALIGKKGKKGNMSP,353152,Cryptosporidium parvum Iowa II
XP_846259.1,H2A.Z,H2A,72391930,MSLTGDDAVPQAPLVGGVAMSPEQASALTGGKLGGKAVGPAHGKGKGKGKGKRGGKTGGKAGRRDKMTRAARADLNFPVGRIHSRLKDGLNRKQRCGASAAIYCAALLEYLTSEVIELAGAAAKAQKTERIKPRHLLLAIRGDEELNQIVNATIARGGVVPFVHKSLEKKIIKKSKRGS,185431,Trypanosoma brucei brucei TREU927
AAC28846.1,macroH2A,H2A,3395780,MSSRGGKKKSTKTSRSAKAGVIFPVGRMLRYIKKGHPKYRIGVGAPVYMAAVLEYLTAEILELAGNAARDNKKGRVTPRHILLAVANDEELNQLLKGVTIASGGVLPNIHPELLAKKRGSKGKLEAIITPPPAKKAKSPSQKKTVSKKTGGKKGARKSKKKQGEVSKSASADSTTEGTPADGFTVLSTKSLFLGQKLQVVQADIATIDSDAVVHPTNSDFYTGGEVGSTLEKKGGKEFVEAVIELRKKNGPLDIAGAVVSAGHGLPAKFVIHCNSPGWGSDKCEELLEKTVKNCLALADEKKLKSIAFPSIGSGRNGFPKQTAAQLILKAISSYFVSTMSSSIKTVYFVLFDSESIGIYVQEMAKLDAN,9031,Gallus gallus
NP_001020673.1,macroH2A,H2A,70887615,MSARGGKKKITKLSRSARAGVIFPVGRMMRYLRTGTHKYRIGMGAPVYMAAVIEYLAAEILELAGNAARDNKKGRITPRHIKLAVANDEELNQLLRGVTISNGGVLPRIHPELLSKKRGGKVKVESQVAVPEKSAKRKPVKKPYKKSKGKPGRKPKKSTENDKEADANAMEDGPGEGFTILSAKSLFLGQKLSLTESEISKIGTIKVEGIINPTNAEIDLKEGIGNALEKTGGKDFLETVKELRKSQGPLEVASVAVSQANGMAARFIIHCHVPQWGSDKCEDQLEKTVKNCLSAAEEKKLKSVAFPSLPAGRNGFPKQTAAQLILKAISNHFVSATTSSLKNIYFVLFDSESIGIYLQEMAKMDAK,7955,Danio rerio
NP_001035248.1,macroH2A,H2A,93141020,MSSRGGKKKSTKTSRSAKAGVIFPVGRMLRYIKKGHPKYRIGVGAPVYMAAVLEYLTAEILELAGNAARDNKKGRVTPRHILLAVANDEELNQLLKGVTIASGGVLPNIHPELLAKKRGSKGKLEAIITPPPAKKAKSPSQKKPVSKKAGGKKGARKSKKQGEVSKAASADSTTEGTPADGFTVLSTKSLFLGQKLNLIHSEISNLAGFEVEAIINPTNADIDLKDDLGNTLEKKGGKEFVEAVLELRKKNGPLEVAGAAVSAGHGLPAKFVIHCNSPVWGADKCEELLEKTVKNCLALADDKKLKSIAFPSIGSGRNGFPKQTAAQLILKAISSYFVSTMSSSIKTVYFVLFDSESIGIYVQEMAKLDAN,9606,Homo sapiens
NP_001264267.1,macroH2A,H2A,472824980,MSGRSGKKKMSKLSRSSRAGVIFPVGRMMRYLKKGTYKYRIGVGAPVYMAAVIEYLAAEILELAGNAARDNKKGRIAPRHILLAVANDEELNQLLKGVTIASGGVLPRIQPELLAKKRGAKGKSETILSPAPEKKGRKSMVSKKSGKKAKSNKARTPKKNKQKDSEKEGASNSTSEDGPGDGFTILSSKSLVPGQKLSLTQSDISHIGSMKVEGIVHPTTAEIDLKEEIGKALEKAGGKEFLETVKELRKSQGPLEVAEAALTQSSGLAAKFVIHCHIPQWGSDKCEEQLEETIKNCLTAAEDKKLKSVAFPPFPSGRNCFPKQTAAQVTLRAISTHFDGTSSSSLKNIYFLLFDSESIGIYVQEMAKLDTK,9031,Gallus gallus
NP_061119.1,macroH2A,H2A,8923920,MSGRSGKKKMSKLSRSARAGVIFPVGRLMRYLKKGTFKYRISVGAPVYMAAVIEYLAAEILELAGNAARDNKKARIAPRHILLAVANDEELNQLLKGVTIASGGVLPRIHPELLAKKRGTKGKSETILSPPPEKRGRKATSGKKGGKKSKAAKPRTSKKSKPKDSDKEGTSNSTSEDGPGDGFTILSSKSLVLGQKLSLTQSDISHIGSMRVEGIVHPTTAEIDLKEDIGKALEKAGGKEFLETVKELRKSQGPLEVAEAAVSQSSGLAAKFVIHCHIPQWGSDKCEEQLEETIKNCLSAAEDKKLKSVAFPPFPSGRNCFPKQTAAQVTLKAISAHFDDSSASSLKNVYFLLFDSESIGIYVQEMAKLDAK,9606,Homo sapiens
NP_613075.1,macroH2A,H2A,20336746,MSSRGGKKKSTKTSRSAKAGVIFPVGRMLRYIKKGHPKYRIGVGAPVYMAAVLEYLTAEILELAGNAARDNKKGRVTPRHILLAVANDEELNQLLKGVTIASGGVLPNIHPELLAKKRGSKGKLEAIITPPPAKKAKSPSQKKPVSKKAGGKKGARKSKKKQGEVSKAASADSTTEGTPADGFTVLSTKSLFLGQKLQVVQADIASIDSDAVVHPTNTDFYIGGEVGNTLEKKGGKEFVEAVLELRKKNGPLEVAGAAVSAGHGLPAKFVIHCNSPVWGADKCEELLEKTVKNCLALADDKKLKSIAFPSIGSGRNGFPKQTAAQLILKAISSYFVSTMSSSIKTVYFVLFDSESIGIYVQEMAKLDAN,9606,Homo sapiens
NP_613258.2,macroH2A,H2A,93141018,MSSRGGKKKSTKTSRSAKAGVIFPVGRMLRYIKKGHPKYRIGVGAPVYMAAVLEYLTAEILELAGNAARDNKKGRVTPRHILLAVANDEELNQLLKGVTIASGGVLPNIHPELLAKKRGSKGKLEAIITPPPAKKAKSPSQKKPVSKKAGGKKGARKSKKKQGEVSKAASADSTTEGTPADGFTVLSTKSLFLGQKLNLIHSEISNLAGFEVEAIINPTNADIDLKDDLGNTLEKKGGKEFVEAVLELRKKNGPLEVAGAAVSAGHGLPAKFVIHCNSPVWGADKCEELLEKTVKNCLALADDKKLKSIAFPSIGSGRNGFPKQTAAQLILKAISSYFVSTMSSSIKTVYFVLFDSESIGIYVQEMAKLDAN,9606,Homo sapiens
NP_990338.1,macroH2A,H2A,45384360,MSSRGGKKKSTKTSRSAKAGVIFPVGRMLRYIKKGHPKYRIGVGAPVYMAAVLEYLTAEILELAGNAARDNKKGRVTPRHILLAVANDEELNQLLKGVTIASGGVLPNIHPELLAKKRGSKGKLEAIITPPPAKKAKSPSQKKTVSKKTGGKKGARKSKKKQGEVSKSASADSTTEGTPADGFTVLSTKSLFLGQKLNLIHSEISNLAGFEVEAIINPTNADIDLKDDLGSTLEKKGGKEFVEAVIELRKKNGPLDIAGAVVSAGHGLPAKFVIHCNSPGWGSDKCEELLEKTVKNCLALADEKKLKSIAFPSIGSGRNGFPKQTAAQLILKAISSYFVSTMSSSIKTVYFVLFDSESIGIYVQEMAKLDAN,9031,Gallus gallus
XP_001637578.1,macroH2A,H2A,156396795,MSARGGKAAKRAKAVSRSAKAGLQFPVSRVHRYLRKCTHHYRISAAAPVYQAAVMEYLTAEILELAGNAARDNKKTRIIPRHILLAVANDEELHKLLKGVTIASGGVLPNIHPELLKKRKGGKLVSPEELKSKKPKPAPPPSPKKPVSSKKGRGKADKGPGDGFSVLSEKTLFLGQKLTVVQGDIAAIDADAVVLPTNAKFKLEGEVGEALKKAGGKEFKDEIKKLSEDNGDLALLDAAICDGHNFPAAYVISLHSPVYSEDSTTASDDLEKAVKNVLTIADEKNLKILAIPSIGTGSNKYPKDLAAQVTLKAISNYFVSAMASSLKQIYFVLSDPENIGMYTMELARLDS,45351,Nematostella vectensis
XP_002111582.1,macroH2A,H2A,196003430,MSGRGGKARKKPSSRSARAGLQFPVGRMHRRLKSSTHHLRIGSGAPVYLAACIEYLTAEILELAGNAARDNKKLRIIPRHIQLAIGNDEELHKLLSDVTIASGGVLPHVHTELLSKKAKGGGASVAAAAAPKKSKVRVSRVGKSTPAKSNFSKKSGSSTKAFKNSEVTILSEKQLFLGQKLIVTKGDITKISTDGIVHPTSSNFSHAGMIGGALSSAGGKQYMDGVAKVEQETGSLPVAGVTGSPAANLSAQEVIHVHSPSWGSTDCQGNLEKAVRNILDYADKKGMKSVAIPSIGSGSNNFPKLTAAQIILRSIAKYFVGVMSSSLKEVYFVLWDEESINIYTSELNKLDVSG,10228,Trichoplax adhaerens
XP_002403551.1,macroH2A,H2A,241122402,MSARGGKKRAKVVSKSTKAGVLFPVGRMRRYLKKGTHHFRIGAGAPVYMAAVIEYLSGEAISCQDSSPRDPLLSALTKRKCCSGRPNLFFLQLLKGVTIASGGVLPRILPELLARRKGGRFKTVALAKKPVAAAIAKEKAVPPKEKAKLAKGKVCRKSSHCHVPLGDRGIILSLWPTAPQGEHFTLVKHKTGLSLSVQLTVIQGDMASVTADAAIHPTNASLSLSGEVGQVLEKAGGKEFVQEVKDLFSAHGPLESAGAVICPGHQFPAKFVIHCNVPSGSSEPLEKCVRNCLALADEKNIRVLAVPPLATHSVASQKQQAAQTILKAISNYFVNVMSSSLKQIYFVLSDMESIGIYTSELAKLDS,6945,Ixodes scapularis
XP_005272189.1,macroH2A,H2A,530380257,MSSRGGKKKSTKTSRSAKAGVIFPVGRMLRYIKKGHPKYRIGVGAPVYMAAVLEYLTAEILELAGNAARDNKKGRVTPRHILLAVANDEELNQLLKGVTIASGGVLPNIHPELLAKKRGSKGKLEAIITPPPAKKAKSPSQKKPVSKKAGGKKGARKSKKQGEVSKAASADSTTEGTPADGFTVLSTKSLFLGQKLQVVQADIASIDSDAVVHPTNTDFYIGGEVGNTLEKKGGKEFVEAVLELRKKNGPLEVAGAAVSAGHGLPAKFVIHCNSPVWGADKCEELLEKTVKNCLALADDKKLKSIAFPSIGSGRNGFPKQTAAQLILKAISSYFVSTMSSSIKTVYFVLFDSESIGIYVQEMAKLDAN,9606,Homo sapiens
AAZ66580.1,generic_H1,H1,72151622,MSDSAVATSASPVAAPPATVEKKVVQKKASGSAGTKAKKASATPSHPPTQQMVDASIKNLKERGGSSLLAIKKYITATYKCDAQKLAPFIKKYLKSAVVNGKLIQTKGKGASGSFKLSASAKKEKDPKAKSKVLSAEKKVQSKKVASKKIGVSSKKTAVGAADKKPKAKKAVATKKTAENKKTEKAKAKDAKKTGIIKSKPAATKAKVTAAKPKAVVAKASKAKPAVSAKPKKTVKKASVSATAKKPKAKTTAAKK,7227,Drosophila melanogaster
NP_001081535.1,generic_H1,H1,147903543,MAPKKAVAAPEGGNKENAAVKGSSKVKVKRKSIKLVKTQSHPPTLSMVVEVLKKNTERKGTSVQAIRTRILSAHPTVDPLRLKFLLRTALNKGLEKGILIRPLNSSATGATGRFKLAKPVKTTKAGKENVASENVDPNAEQETQKKAPKKEKKAKTEKEPKGEKTKAVAKKAKEDSDEKPKVAKSKKAKEAKEVDKANKEAKEVDKANKEAKEVDKANKEVKEVDKAPAKKPKAKTEAAKAEGGGKAKKEPPKAKAKDVKAQKDSTDEGAPVKAGKKGKKVTN,8355,Xenopus laevis
NP_056601.1,generic_H1,H1,9845257,MSEAAPAAPAAAPPAEKAPAKKKAAKKPAGVRRKASGPPVSELITKAVAASKERSGVSLAALKKALAAAGYDVEKNNSRIKLGLKSLVSKGILVQTKGTGASGSFKLNKKAASGEAKPQAKKAGAAKAKKPAGAAKKPKKATGAATPKKAAKKTPKKAKKPAAAAVTKKVAKSPKKAKVTKPKKVKSASKAVKPKAAKPKVAKAKKVAAKKK,10090,Mus musculus
NP_085112.1,generic_H1,H1,21426823,MSETAPVAQAASTATEKPAAAKKTKKPAKAAAPRKKPAGPSVSELIVQAVSSSKERSGVSLAALKKSLAAAGYDVEKNNSRIKLGLKSLVNKGTLVQTKGTGAAGSFKLNKKAESKAITTKVSVKAKASGAAKKPKKTAGAAAKKTVKTPKKPKKPAVSKKTSKSPKKPKVVKAKKVAKSPAKAKAVKPKASKAKVTKPKTPAKPKKAAPKKK,10090,Mus musculus
NP_172161.1,generic_H1,H1,15222199,MSEVEIENAATIEGNTAADAPVTDAAVEKKPAAKGRKTKNVKEVKEKKTVAAAPKKRTVSSHPTYEEMIKDAIVTLKERTGSSQYAIQKFIEEKRKELPPTFRKLLLLNLKRLVASGKLVKVKASFKLPSASAKASSPKAAAEKSAPAKKKPATVAVTKAKRKVAAASKAKKTIAVKPKTAAAKKVTAKAKAKPVPRATAAATKRKAVDAKPKAKARPAKAAKTAKVTSPAKKAVAATKKVATVATKKKTPVKKVVKPKTVKSPAKRASSRVKK,3702,Arabidopsis thaliana
NP_579819.1,generic_H1,H1,18959218,MSETAPAAPAAPAPAEKTPIKKKARKAAGGAKRKASGPPVSELITKAVAASKERSGVSLAALKKALAAAGYDVEKNNSRIKLGLKSLVSKGTLVQTKGTGASGSFKLNKKAASGEAKPKAKKAGAAKAKKPAGAAKKPKKATGTATPKKSTKKTPKKAKKPAAAAGAKKAKSPKKAKATKAKKAPKSPAKARAVKPKAAKPKTSKPKAAKPKKTAAKKK,10116,Rattus norvegicus
NP_650383.2,generic_H1,H1,28571712,MKLKPVERNDGSDDESEEEMPNDHPESEDSNMGEEEELPEEDEEEMEEDEEEDRQDGDEVETDNLGADRNPYPTPPPDDGSKLVPPDSDNPKSMVPKPKGTLISLALMAIGKLASRSGSSVQAIMTYLKDNGQEWKDPKKTARLLHRALKLAEANGEVVMVKRSFKLTDKQKNSSKAVEKMKAKKQKEKEKKAKVEKVLKEKIQKKEAKAKMKEKKASKEKSSKPTERKTKQAVKKKKPEDGTKDNPPASKAASSAAAQAMLETSQTAIPEAGKKPAKTKVKLQADSSEAGKTKKSRKSIGTLAQPKAARPKVKAVKKLVAGKGASTPDLSIMEAQATSTPQGATKAKRKRKV,7227,Drosophila melanogaster
NP_999714.1,generic_H1,H1,47551077,MAEKNSSKKVTTKKPAAHPPAAEMVATAITELKDRNGSSLQAIKKYIATNFDVQMDRQLLFIKRALKSGVEKGKLVQTKGKGASGSFKVNVQAAKAQASEKAKKEKEKAKLLAQREKAKEKGCSEEGETAEGSRPKKVKAAPKKAKKPVKKTTEKKEKKKTPKKAPKKPAAKKSTPKKTPKKAAAKKPKTAKPKKPAXKKAAKSK,7668,Strongylocentrotus purpuratus
NP_999720.1,generic_H1,H1,47551091,MSAAKPKVAKKARVAPAHPPSSQMVVAAVTALKERGGSSTQAIKKYIAANYTVDMTKQGPFIRRALVKGVASGALVQTKGKGASGSFKLGKKKEGKSDAQKARIAAKKAKLAAKKKEQREKKALKTKARKEKVAAKKAAKKATKKTKKVKKPAAKKAKKPAAKKPAAKKPAAKKAKKPAKKVAKPAKKAAAKPAKKAAKPAKKAAKPAKKAAKPAKK,7668,Strongylocentrotus purpuratus
O17536.3,generic_H1,H1,54035964,MSDVAVAADTTETPAAPTKASKATKASKATKASKATKAKTTKVPMVKADAAHPPFINMVTEAISSIKDRKGPSRAAILKYITTKYTLGDQANKINAHLRKALNKGLESNAFVQASGNGANGRFRLAEKTASVAKSPAAAKKDATGEKKATTTVAKKAATGEKKATTTVAKKAATGEKKATTTVAKKAAAGDKAKKTEVKVKKVKSPKKIAKSPVNKVTKSPVKKIAKSSSMKAAPKKAAAKPAKKAPAAAPEA,6239,Caenorhabditis elegans
P23444.2,generic_H1,H1,121950,MATDVTETPAPLVDAAPEAPADAPAAPAADANAAKAKKATAPKKRASPTHLPYAEMVSEAITSLKERTGSSSYAIAKFVEDKHKAKLPPNFRKLLNVQLKKLVAGGKLTKVKNSYKLSSATKPNPKPKAAPKKPKTGAKKPKAAAKPKAKTPAKAKPATKPKPAAKPKAVVKPKTPAKPKAKPAAKAKPKTAGAKPKPLAKKAGRAKAAKTSAKDTPGKKAPAKKAAPSKKAATPVRKAPSRKAKK,4577,Zea mays
XP_010816821.1,generic_H1,H1,741971516,MSEVALPAPAASTSPEKPSAGKKAKKPAKAAAAAKKKPAGPSVSELIVQAVSSSKERSGVSLAALKKALAAAGYDVEKNNSRIKLGLKSLVGKGTLVQTKGTGASGSFKLNKKVASVDAKPTATKVATKTKVTSASKKPKKASGAAAAKKSVKTPKKARKSVLTKKSSKSPKKPKAVKPKKVAKSPAKAKAVKPKGAKVKVTKPKTAAKPKKAAPKKK,9913,Bos taurus
XP_425456.1,generic_H1,H1,50729210,MSETAPVAAPAVSAPGAKAAAKKPKKAAGGAKARKPAGPSVTELITKAVSASKERKGLSLAALKKALAAGGYDVEKNNSRIKLGLKSLVSKGTLVQTKGTGASGSFKLNKKPGETKEKATKKKPAAKPKKPAAKKPAAAAKKPKKAAAVKKSPKKAKKPAAAATKKAAKSPKKATKAGRPKKTAKSPAKAKAVKPKAAKSKAAKPKAAKAKKAATKKK,9031,Gallus gallus
ACH70944.1,H1.0,H1,197632441,MAETAAAPAPKAKKAKAPKKPASHPKYSDMIKAAVHADKSRGGASRQSVQKYIKSHYKVGDNADSQIKLSLKRMVSEGVLRHTKGIGASGSFKLAKAEDTKKAPKVKAVVKAKKSPVKSAKPKKVAKPKKVAKSPAKAKKAKVAVKKVKKSPKKAAPKPKKVAKKTKVAKPAKATKPKKAKAAKPKPKAAAKKAAKKK,8030,Salmo salar
ACM08534.1,H1.0,H1,221219746,MIKAAVHADKSRGGASRQSVQKYIKSHYKVGDNADSQIKLSLKRMVSEGVLRHTKGIGASGSFKLAKAEDTKKAPKVKAVVKAKKSPVKSAKPKKVAKPKKVAKSPAKAKKAKVAVKKVKKSPKKAAPKPKKVVKKTKVAKPAKATKPKKAKAAKPKPKAAAKKAAKKK,8030,Salmo salar
ACM09660.1,H1.0,H1,221221998,MIKAAVHADKSRGGASRQSVQKYIKSHYKVGDNADSQIKLSLKRMVSEGVLRHTKGIGASGSFKLAKAEDTKKAPKVKAVVKAKKSPVKSAKPKKVAKPKKVAKSPAKAKKAKVAVKKVKKSPKKAAPKPKKVAKKTKVAKPAKATKPKKAKAAKPKPKAAAKKAAKKK,8030,Salmo salar
EED88841.1,H1.0,H1,220970504,MSYKAGIAKAITELKDRTGSSSIAIKKHMQANLPADKKWMNATFLKALKDMVASGELVKTKASYKLSAVAKQKASSAGKPKKAPKKKAAPKKTAPKKKAAPKKKTATKKAATAKKPAAKKATTAKKSTTKKTAKK,296543,Thalassiosira pseudonana CCMP1335
NP_001038138.1,H1.0,H1,113206128,MTESLVLSPAPAKPKRVKASRRSASHPTYSEMIAAAIRAEKSRGGSSRQSIQKYIKSHYKVGHNADLQIKLSIRRLLAAGVLKQTKGVGASGSFRLAKSDKAKRSPGKKKKAVRRSTSPKKAARPRKARSPAKKPKATARKARKKSRASPKKAKKPKTVKAKSRKASKAKKVKRSKPRAKSGARKSPKKK,9031,Gallus gallus
NP_001069955.1,H1.0,H1,115496898,MTENSTSTPAAKPKRAKASKKSTDHPKYSDMIVAAIQAEKNRAGSSRQSIQKYIKSHYKVGENADSQIKLSIKRLVTTGVLKQTKGVGASGSFRLAKSDEPKRSVAFKKTKKEVKKVATPKKAAKPKKAASKAPSKKPKATPVKKAKKKPAATPKKTKKPKTVKAKPVKASKPKKTKPVKPKAKSSAKRTGKKK,9913,Bos taurus
NP_001127680.1,H1.0,H1,197098626,MTENSTSAPAAKPKRAKASKKSTDHPKYSDMVVAAIQAEKNRAGSSRQSIQKYIKSHYKVGENADSQIKLSIKRLVTTGVLKQTKGVGASGSFRLAKSDEPKKSVAFKKTKKEIKKVATPKKASKPKKAASKAPTKKPKATPVKKAKKKLAATPKKAKKPKTVKAKPVKASKPKKAKPVKPKAKSSAKRAGKKK,9601,Pongo abelii
NP_005309.1,H1.0,H1,4885371,MTENSTSAPAAKPKRAKASKKSTDHPKYSDMIVAAIQAEKNRAGSSRQSIQKYIKSHYKVGENADSQIKLSIKRLVTTGVLKQTKGVGASGSFRLAKSDEPKKSVAFKKTKKEIKKVATPKKASKPKKAASKAPTKKPKATPVKKAKKKLAATPKKAKKPKTVKAKPVKASKPKKAKPVKPKAKSSAKRAGKKK,9606,Homo sapiens
NP_032223.2,H1.0,H1,31560697,MTENSTSAPAAKPKRAKASKKSTDHPKYSDMIVAAIQAEKNRAGSSRQSIQKYIKSHYKVGENADSQIKLSIKRLVTTGVLKQTKGVGASGSFRLAKGDEPKRSVAFKKTKKEVKKVATPKKAAKPKKAASKAPSKKPKATPVKKAKKKPAATPKKAKKPKVVKVKPVKASKPKKAKTVKPKAKSSAKRASKKK,10090,Mus musculus
NP_036710.1,H1.0,H1,6981004,MTENSTSTPAAKPKRAKAAKKSTDHPKYSDMIVAAIQAEKNRAGSSRQSIQKYIKSHYKVGENADSQIKLSIKRLVTTGVLKQTKGVGASGSFRLAKGDEPKRSVAFKKTKKEVKKVATPKKAAKPKKAASKAPSKKPKATPVKKAKKKPAATPKKAKKPKIVKVKPVKASKPKKAKPVKPKAKSSAKRASKKK,10116,Rattus norvegicus
NP_998836.1,H1.0,H1,47498062,MTENSAAAPAGKPKRSKASKKATDHPKYSDMILAAVQAEKSRSGSSRQSIQKYIKNHYKVGENADSQIKLSIKRLVTSGTLKQTKGVGASGSFRLAKADEGKKPAKKPKKEIKKAASPKKAAKPKKAAKSPAKAKKPKVAEKKVKKPAKKKPAPSPKKAKKTKTVKAKPVRASRVKKAKPSKPKAKASPKKSGRKK,8364,Xenopus tropicalis
NP_999722.1,H1.0,H1,47551095,MADTDAAPAAPAPSTPKKAAKKKASKPKTPASHPKYSDMIASALESLKEKKGSSRQAILKYVKANFTVGDNANVHIKQALKRGVTSGQLRHVKGSGASGSFLLAEKTKTPKKAAAKKATPKKKPAAKKTKKPAAKKATKKPAKKPAAKKKVAKPAAKKAAKPVAKKATPKKKVVKKAAKGKGKKK,7668,Strongylocentrotus purpuratus
P06513.2,H1.0,H1,122111,MTDSPIPAPAPAAKPKRAKAPRKPASHPSYSEMIVAAIRAEKSRGGSSRQSIQKYVKSHYKVGQHADLQIKLSIRRLLAAGVLKQTKGVGASGSYRLAKGDKAKKSPAGRKKKKKAARRSTSPRKAARPRKARSPAKKPKAAARKARKKSRASPKKAKKPKTVKAKSLKTSKVKKAKRSKPRAKSGARKSPKKK,8855,Cairina moschata
XP_004175972.1,H1.0,H1,449481975,MTRLPSMCKASSSLMSCVHLCAFPPPKRARSARRPAAHPAYSDMVTAAVRADKSRGGASRQSIQKYVKSNYKVGQNADVQIRLAIRRLLAAGVLKQTKGVGASGSFRLAKAGKAKRSPSRKRKKAARRSTSPRKTARSRKARSPAKKPKSAARKARKKSRSPKKAKKPKTVKAKSLKASKPKKARRSKSRAKSGARKSPKKK,59729,Taeniopygia guttata
XP_010887142.1,H1.0,H1,742177175,MAETVAAPAPKAKKAKAPKKPASHPKYSDMIKAAVQADKSRGGASRQSVQKYIKSHYKVGDNADSQIKLSLKRMVSGGLLRHTKGIGASGSFKLAKAEDTKKAPKPKPVVKAKKSPVKAAKPKKVAKPKKVVKSPAKAKKAKVAVKKVKKSPKKVAPKPKKVVKKVKAAKPAKAVKPKKAKAAKPKPKAAAKKAAKKK,8010,Esox lucius
NP_005316.1,H1.1,H1,4885373,MSETVPPAPAASAAPEKPLAGKKAKKPAKAAAASKKKPAGPSVSELIVQAASSSKERGGVSLAALKKALAAAGYDVEKNNSRIKLGIKSLVSKGTLVQTKGTGASGSFKLNKKASSVETKPGASKVATKTKATGASKKLKKATGASKKSVKTPKKAKKPAATRKSSKNPKKPKTVKPKKVAKSPAKAKAVKPKAAKARVTKPKTAKPKKAAPKKK,9606,Homo sapiens
ACM09455.1,H1.10,H1,221221588,MVKSEVEVTINAEEAPVASSLKPAKKKKNKKKKNKPGKYSVLVLDAVKKLNERSGSSLVKIYNEAKKASWFDEQNGRTYLRYSIRALVLNNTLIQVKGMGANGSFRLNEDKFAKGVPKKTQSKPAKNTTKTAKASTTKKATVVKAKSSPKKAPDAKMPAAKLKKLGVKKVSAAQKNKKPKKASKPPAKSPRKK,8030,Salmo salar
ACO07616.1,H1.10,H1,225703540,MVKSEVDVTINAEEAPVASGPKPAKKKKKKKKKNKPGKYSVLVLDAVKKLNERSGSSLVKIYNEAKKASWFDEQNGRTYLRYSIRALVLNNTLIQVKGMGANGSFRLNEDKFAKEVPKKTQSKPAKTTTKTAKASTTKKATVKPKAKSSPKKAPDAKKPAAKMKKLGVKKVIAAQKNKKPKKASKPPAKSPRKK,8022,Oncorhynchus mykiss
ACO09903.1,H1.10,H1,225708114,MASDTEVVPAAEAPVAAKSKKRTATKPKPKAKPATVATSSAKKKKRKGKGPGKYSVLVVDAIKQLGERNGSSLAKIYNKAREAIWFDQQHGRTYLRYSIRALVLNDTLIQVKGTGANGSFKLNKKKFETKAPKKAPTPVKAVKTKAPAKKAKAAIKTKAKPKASPKKKSTPKKKPAAKPKKLAAKKATPVKSKKPKPKKASKPAAKSPRKK,8014,Osmerus mordax
ACO10502.1,H1.10,H1,225709312,MVKSEVEVTINAEEAPVASSLKPAKKKKNKKKKNKPGKYSVLVLDAVKKLNERSGSSLVKIYNEAKKASWFDEQNGRTYLRYSIRALVLNNTLIQVKGMGANGSFRLNEDKFAKGVPKKTQSKPAKNTTKTAKASTTKKATVVKAKSSPKKAPDAKMPAAKLKKLGVKKVSAAQKNKKPKKASKPPAKSPRKK,217165,Caligus rogercresseyi
NP_001080265.1,H1.10,H1,147898445,MALELEENLHSTEEEDEEEEEEEEGDEMRSRSTRNKGGAASSSGNKKKKKKKNQPGRYSQLVVDTIRKLGERNGSSLAKIYSEAKKVSWFDQQNGRTYLKYSIKALVQNDTLLQVKGVGANGSFRLNKKKLEGLPYDKKPPPAKPSSSSSNKKQQQQGPSSSPSKSHKKAKPKAKAEKEKPKTSSAKAKSPKKSAAKGKKMKKGAKPSVRKAPKSKKA,8355,Xenopus laevis
NP_006017.1,H1.10,H1,5174449,MSVELEEALPVTTAEGMAKKVTKAGGSAALSPSKKRKNSKKKNQPGKYSQLVVETIRRLGERNGSSLAKIYTEAKKVPWFDQQNGRTYLKYSIKALVQNDTLLQVKGTGANGSFKLNRKKLEGGGERRGAPAAATAPAPTAHKAKKAAPGAAGSRRADKKPARGQKPEQRSHKKGAGAKKDKGGKAKKTAAAGGKKVKKAAKPSVPKVPKGRK,9606,Homo sapiens
NP_005310.1,H1.2,H1,4885375,MSETAPAAPAAAPPAEKAPVKKKAAKKAGGTPRKASGPPVSELITKAVAASKERSGVSLAALKKALAAAGYDVEKNNSRIKLGLKSLVSKGTLVQTKGTGASGSFKLNKKAASGEAKPKVKKAGGTKPKKPVGAAKKPKKAAGGATPKKSAKKTPKKAKKPAAATVTKKVAKSPKKAKVAKPKKAAKSAAKAVKPKAAKPKVVKPKKAAPKKK,9606,Homo sapiens
NP_005311.1,H1.3,H1,4885377,MSETAPLAPTIPAPAEKTPVKKKAKKAGATAGKRKASGPPVSELITKAVAASKERSGVSLAALKKALAAAGYDVEKNNSRIKLGLKSLVSKGTLVQTKGTGASGSFKLNKKAASGEGKPKAKKAGAAKPRKPAGAAKKPKKVAGAATPKKSIKKTPKKVKKPATAAGTKKVAKSAKKVKTPQPKKAAKSPAKAKAPKPKAAKPKSGKPKVTKAKKAAPKKK,9606,Homo sapiens
NP_005312.1,H1.4,H1,4885379,MSETAPAAPAAPAPAEKTPVKKKARKSAGAAKRKASGPPVSELITKAVAASKERSGVSLAALKKALAAAGYDVEKNNSRIKLGLKSLVSKGTLVQTKGTGASGSFKLNKKAASGEAKPKAKKAGAAKAKKPAGAAKKPKKATGAATPKKSAKKTPKKAKKPAAAAGAKKAKSPKKAKAAKPKKAPKSPAKAKAVKPKAAKPKTAKPKAAKPKKAAAKKK,9606,Homo sapiens
NP_005313.1,H1.5,H1,4885381,MSETAPAETATPAPVEKSPAKKKATKKAAGAGAAKRKATGPPVSELITKAVAASKERNGLSLAALKKALAAGGYDVEKNNSRIKLGLKSLVSKGTLVQTKGTGASGSFKLNKKAASGEAKPKAKKAGAAKAKKPAGATPKKAKKAAGAKKAVKKTPKKAKKPAAAGVKKVAKSPKKAKAAAKPKKATKSPAKPKAVKPKAAKPKAAKPKAAKPKAAKAKKAAAKKK,9606,Homo sapiens
NP_001295191.1,OO_H1.8,H1,815891235,MAPATAPRRAGEAKGKGPKKPSEAKEDPPNVGKVKKAAKRPAKVQKPPPKPGAATEKARKQGGAAKDTRAQSGEARKVPPKPDKAMRAPSSAGGLSRKAKAKGSRSSQGDAEAYRKTKAESKSSKPTASKVKNGAASPTKKKVVAKAKAPKAGQGPNTKAAAPAKGSGSKVVPAHLSRKTEAPKGPRKAGLPIKASSSKVSSQRAEA,9606,Homo sapiens
NP_612184.1,OO_H1.8,H1,19923865,MAPGSVSSVSSSSFPSRDTSPSGSCGLPGADKPGPSCRRIQAGQRNPTMLHMVLEALKAREARQGTSVVAIKVYIQHKYPTVDTTRFKYLLKQALETGVRRGLLTRPAHSKAKGATGSFKLVPKPKTKKACAPKAGRGAAGAKETGSKKSGLLKKDQVGKATMEKGQKRRAYPCKAATLEMAPKKAKAKPKEVRKAPLKQDKAAGAPLTANGGQKVKRSGSRQEANAHGKTKGEKSKPLASKVQNSVASLAKRKMADMAHTVTVVQGAETVQETKVPTPSQDIGHKVQPIPRVRKAKTPENTQA,10090,Mus musculus
NP_722575.1,OO_H1.8,H1,24475863,MAPGSVTSDISPSSTSTAGSSRSPESEKPGPSHGGVPPGGPSHSSLPVGRRHPPVLRMVLEALQAGEQRRGTSVAAIKLYILHKYPTVDVLRFKYLLKQALATGMRRGLLARPLNSKARGATGSFKLVPKHKKKIQPRKMAPATAPRRAGEAKGKGPKKPSEAKEDPPNVGKVKKAAKRPAKVQKPPPKPGAATEKARKQGGAAKDTRAQSGEARKVPPKPDKAMRAPSSAGGLSRKAKAKGSRSSQGDAEAYRKTKAESKSSKPTASKVKNGAASPTKKKVVAKAKAPKAGQGPNTKAAAPAKGSGSKVVPAHLSRKTEAPKGPRKAGLPIKASSSKVSSQRAEA,9606,Homo sapiens
NP_015198.1,scH1,H1,6325130,MAPKKSTTKTTSKGKKPATSKGKEKSTSKAAIKKTTAKKEEASSKSYRELIIEGLTALKERKGSSRPALKKFIKENYPIVGSASNFDLYFNNAIKKGVEAGDFEQPKGPAGAVKLAKKKSPEVKKEKEVSPKPKQAATSVSATASKAKAASTKLAPKKVVKKKSPTVTAKKASSPSSLTYKEMILKSMPQLNDGKGSSRIVLKKYVKDTFSSKLKTSSNFDYLFNSAIKKCVENGELVQPKGPSGIIKLNKKKVKLST,559292,Saccharomyces cerevisiae S288C
XP_011105792.1,scH1,H1,748455219,MAPKKTSTKTTTTNKGKKPVTSKGKDKPVIKTAVKKNAAKKEEPSSKSYKELIVEGLAALKERKGSSRPALKKFIKENYPLVGSTSNFDLYFNNAIKKGVETGDFEQPKGPAGTLKLAKKKSPELKKETSPKPKQAAAATTTTTTTTPTSLKAKAKTASKKQAPKKVVKKKVPAVAVIPKKTSSPSALTYKEMILKSMPELNDGKGSSRIVLKKYVKDTFSSKLKTSSNFDYLFNSAIKKCVENGELVQPKGPSGIIKINKKKAKLST,1160507,Saccharomyces arboricola H-6
ACM09522.1,TS_H1.6,H1,221221722,MSGVIAIPLATPATTPKKRSKPKKTGPTVSDRILKVVSASSGRSGVSLAALKKSLAASGYDVVKNNARLKLAVRRLVAKGYLLQPKGTGASGSFKINKNKAVAKKKRPTKNKVKKVGAKKVRRASPKKAAGAKKSPKKTKRKSPKKAKRPAAAKKPKSPRKTKRRVAKSTRAKTAPKKK,8030,Salmo salar
NP_001074230.1,TS_H1.6,H1,124053434,MSETVPAASAGAVPAVMEKPLTKKRGKKPAGLTSASRKAPNLSVSKLITEALSVSQERVGMSLAALKKALAAAGYDVEKNNSRIKLSLKSLVNKGILVQTRGTGASGSFKLSKKVLPKSTRRKANKSASAKTKKLVLSRDSKSPKTAKTNKRAKKPRATAPKKAVRSGRKAKGAKGKQQQKSPVKARATKPKLTQHHKANIRKATSRK,9544,Macaca mulatta
NP_001087957.1,TS_H1.6,H1,147901299,MAATTESAPVAPPAEPAAAKKTKKQQPKKVAGGAKAKKPSGPSASELIVKAVSASKERSGVSLAALKKALAAGGYDVDKNNSRLKLALKALVTKGTLTQVKGSGASGSFKLNKKQPETKDKAAKKKPAAPKAKKPAAGAKKAPKSPKKPKKVSAAAKSPKKVKKPAKAAKSPKKPKAVKAKKVAKSPAKKATKPKTAKSPAKAKVAKPKAAKAKKPAPKK,8355,Xenopus laevis
NP_001243880.1,TS_H1.6,H1,379643033,MSETAPAAPAEPVLSSMEKPPAKKRGKKPVGLTGGSRKVPGSSVSKLITEALSVSQERAGMSLAALKKALAAAGYDVEKNNRRIKLGLKSLVSKGTLVQTRGTGASGSFKLSKKATPEPAKGRVKKGASANAKKLVLPKGSKSPKSAKTNKRTSKARTPAAQPSARGGRKSKGAKGKQQLKSPGKGRTGKPKTGKPKLTQQRTNPRKTASKK,9796,Equus caballus
NP_005314.2,TS_H1.6,H1,20544168,MSETVPAASASAGVAAMEKLPTKKRGRKPAGLISASRKVPNLSVSKLITEALSVSQERVGMSLVALKKALAAAGYDVEKNNSRIKLSLKSLVNKGILVQTRGTGASGSFKLSKKVIPKSTRSKAKKSVSAKTKKLVLSRDSKSPKTAKTNKRAKKPRATTPKTVRSGRKAKGAKGKQQQKSPVKARASKSKLTQHHEVNVRKATSKK,9606,Homo sapiens
NP_034507.2,TS_H1.6,H1,112807207,MSETAPAASSTLVPAPVEEKPSSKRRGKKPGLAPARKPRGFSVSKLIPEALSTSQERAGMSLAALKKALAAAGYDVEKNNSRIKLALKRLVNKGVLVQTKGTGASGSFKLSKKAASGNDKGKGKKSASAKAKKMGLPRASRSPKSSKTKAVKKPKATPTKASGSGRKTKGAKGVQQRKSPAKARAANPNSGKAKMVMQKTDLRKAAGRK,10090,Mus musculus
NP_036711.1,TS_H1.6,H1,6981006,MSETAPAASSTLVPAPVEKPATKRRGKKPGMATARKPRGFSVSKLIPEALSMSQERAGMSLAALKKALAAAGYDVEKNNSRIKLALKRLVNKGVLVQTKGTGASGSFKLSKKAASGNDKGKGKKSASAKAKKLGLSRASRSPKSSKTKVVKKPKATPTKGSGSRRKTKGAKGLQQRKSPAKARATNSNSGKSKMVMQKTDLRKAAGRK,10116,Rattus norvegicus
XP_005640152.1,TS_H1.6,H1,545554579,MSETVPAVAAGTALASMENPSAKKRGRKPGGIPEAAPKAPGLSVSKLIMEALSVSQERAGMSLAALKKALAAAGYDVEKNNSRIKLCLKSLVSKGTLVQTKGTGASGSFKLNKKALLPTPAKSRVKRPPSTKTKRLVLSRDSKSPKAAKTNKAKKPGGAGAQKAACSGRKAKGAKDKQPRKSPGKAPTGKPKAAKPRLNQQKVNPRKAVSKK,9615,Canis lupus familiaris
NP_081580.2,TS_H1.7,H1,257196238,MAEAVQPSGESQGAELTIQIQQPAERALRTPAKRGTQSVLRVSQLLLRAIAGHQHLTLDALKKELGNAGYEVRREISSHHEGKSTRLEKGTLLRVSGSDAAGYFRVWKISKPREKAGQSRLTLGSHSSGKTVLKSPRPLRPRSRRKAAKKAREVWRRKARALKARSRRVRTRSTSGARSRTRSRASSRATSRATSRARSRARSRAQSSARSSARSSAKSSAKSSTRSSAKSWARSKARSRARSRAKDLVRSKAREQAQAREQARARAREQAHARARTQDWVRAKAQEFVSAKEQQYVRAKEQERAKAREQVRIGARDEARIKAKDYNRVRPTKEDTSPRPAEEKSSNSKLREEKGQEPERPVKQTIQKPALDNAPSIQGKACTKSFTKSGQPGDTESP,10090,Mus musculus
NP_861453.1,TS_H1.7,H1,32401437,MEQALTGEAQSRWPRRGGSGAMAEAPGPSGESRGHSATQLPAEKTVGGPSRGCSSSVLRVSQLVLQAISTHKGLTLAALKKELRNAGYEVRRKSGRHEAPRGQAKATLLRVSGSDAAGYFRVWKVPKPRRKPGRARQEEGTRAPWRTPAAPRSSRRRRQPLRKAARKAREVWRRNARAKAKANARARRTRRARPRAKEPPCARAKEEAGATAADEGRGQAVKEDTTPRSGKDKRRSSKPREEKQEPKKPAQRTIQ,9606,Homo sapiens
ACI22865.1,TS_H1.9,H1,207081162,MQRDTLLVSPSAAPNSAVAVDQDASTSDDPSKSETGPYTCPQTMRKPSMSKVILRAVTDKGLHRRVSLAALKKAVSTTGYNMAHNSWRFKRVVKNLVKKGMLKQVTGKGASGSFRLGKKQAFKSKRKARRRQRRQQRQKPRQRRSGPRQSLLGSGRSLKGLF,564181,Peromyscus californicus insignis
NP_001103035.1,TS_H1.9,H1,157818369,MSLVSPSPDSNAVMAGDQDASTSQVPSQSESKIGPNVATQTLRKPTMSKVILRTVADKGVHSRVSLAALKKAVSITGYNMAQNTWRFKRVLQNLVKKGMLKQVTGKGASGSFRLGKKQAFKSKCKAKRRQRRQKPGQRRTGSRRSLLGSKKSNNRLFKGVRRVAKGRRH,10116,Rattus norvegicus
NP_061262.1,TS_H1.9,H1,9055232,MAQMVAGDQDAGTLWVPSQSESQTESDISTQSLRKPTMSYVILKTLADKRVHNCVSLATLKKAVSITGYNMTHNTWRFKRVLQNLLDKGMIMHVTCCKGASGSLCLCKERALKSNHRAKRCQDRQKSQKPQKPGQRESEPCQLLLSSKKKNDQLFKGVRRVAKGNRHCHY,10090,Mus musculus
P60008.1,TS_H1.9,H1,38372285,MLHASTIWHLRSTPPRRKQWGHCDPHRILVASEVTTEITSPTPAPRAQVCGGQPWVTVLDPLSGHTGREAERHFATVSISAVELKYCHGWRPAGQRVPSKTATGQRTCAKPCQKPSTSKVILRAVADKGTCKYVSLATLKKAVSTTGYDMARNAYHFKRVLKGLVDKGSAGSFTLGKKQASKSKLKVKRQRQQRWRSGQRPFGQHRSLLGSKQGHKRLIKGVRRVAKCHCN,9606,Homo sapiens
NOGI_1,H3.Y,H3,NOGI,ARTKQTARKATAWQAPRKPLATKAAGKRAPPTGGIKKPHRYKPGTLALREIRKYQKSTQLLLRKLPFQRLVREIAQAISPDLRFQSAAIGALQEASEAYLVQLFEDTNLCAIHARRVTIMPRDMQLARRLRREGP,1,root
NOGI_2,H3.Y,H3,NOGI,ARTKQTARKATAWQAPRKPLATKAAGKRAPPTGGIKKPHRYKPGTLALREIRKYQKSTQLLLRKLPFQRLVREIAQAISPDLRFQSAAIGALQEASEAYLVQLFEDTNLCAIHARRVTIMPRDMQLARRLRREGP,1,root
NOGI_3,H3.Y,H3,NOGI,ARTKQTARKATAWQAPRKPLATKAARKRASPTGGIKKPHRYKPGTLALREIRKYQKSTQLLLRKLPFQRLVREIAQAISLDLRFQSAAIGALQEASEAYLVQLFEDTNLCAIHARRVTIMPQDMQLARRLRGEGAREPTLLGNLAL,1,root
NOGI_4,H3.Y,H3,NOGI,ARTKQTARKATAWQAPRKPLATKAARKRASPTGGIKKPHRYKPGTLALREIRKYQKSTQLLLRKLPFQRLVREIAQAISPDLRFQSAAIGALQEASEAYLVQLFEDTNLCAIHARRVTIMPRDMQLARRLRGEGAGEPTLLGNLAL,1,root
NOGI_5,H3.Y,H3,NOGI,AVAMAGMTQVLVWELHHCPCFLTPVLPAAGQAQPQRGESTRPHNMARTKQTARKATAWQAPRKPLATKAARKRASPTGGIKKPHRYKPGTLALREIRKYQKSTQLLLRKLPFQRLVREIAQAISPDLRFQSAAIGALQEASEAYLVQLFEDTNLCAIHARRVTIMPRDMQLARRLRGEGAGEPTLLGNLAL,1,root
NOGI_6,H3.Y,H3,NOGI,ARTKQTARKATNWQAPRKPLATKAAAKRAPPRGGIKKPHRYKPGTQALREIRKYQKSTQLLLRKLPFQCLVREIAQVISLDLRFQSAAIGALQEASEAYLVNLFEDTNLCAIHARRVTIMPRDMQLARRIRGEGAXEPTLLGNVAL,1,root
NOGI_7,H3.Y,H3,NOGI,ARTKQTARKATNWQAPRKPLATKAPGKRLPPRGGIKKPHRYRPGTQALREIRKYQKSTQLLLRKLPFQRLVREIAQAISPDLRFQSAAIGALQEASEAYLVNLFEDTNLCAIHARRVTIMPRDMQLARRIRGEGA,1,root
