accession,type,variant,subvariant,doublet,gi,geneid,taxonomyid,organism,taxonomy_group,info,sequence
XP_011215280.1,H2A,canonical_H2A,,,752439274,,9646,Ailuropoda melanoleuca,,,
XP_011216221.1,H2B,canonical_H2B,,,752441783,,9646,Ailuropoda melanoleuca,,,
XP_011215272.1,H2A,H2A.B,,,752439251,,9646,Ailuropoda melanoleuca,,,
XP_002927211.1,H2A,H2A.L,,,301783589,,9646,Ailuropoda melanoleuca,,,
XP_002913536.1,H2A,H2A.P,,,301755368,,9646,Ailuropoda melanoleuca,,,
XP_002925981.1,H2B,H2B.W,,,301781100,,9646,Ailuropoda melanoleuca,,,
XP_002921383.1,H2B,subH2B,,,301771932,,9646,Ailuropoda melanoleuca,,,
XP_001119899.1,H2A,canonical_H2A,,,110764935,,7460,Apis mellifera,,,
XP_624700.1,H2A,H2A.X,,,66506394,,7460,Apis mellifera,,,
NP_001190852.1,H2A,canonical_H2A,,,334186954,,3702,Arabidopsis thaliana,,,
NP_175517.1,H2A,canonical_H2A,,,15223708,,3702,Arabidopsis thaliana,,,
NP_188703.1,H2A,canonical_H2A,,,15232330,,3702,Arabidopsis thaliana,,,
NP_200275.1,H2A,canonical_H2A,,,15239697,,3702,Arabidopsis thaliana,,,
Q9FFC0.3,H2B,canonical_H2B,,,75170197,,3702,Arabidopsis thaliana,,,
Q9LQQ4.3,H2B,canonical_H2B,,,75180188,,3702,Arabidopsis thaliana,,,
Q9LZ45.3,H2B,canonical_H2B,,,75181188,,3702,Arabidopsis thaliana,,,
Q9LZT0.3,H2B,canonical_H2B,,,75181341,,3702,Arabidopsis thaliana,,,
NP_189372.1,H3,canonical_H3,,,15232146,,3702,Arabidopsis thaliana,,,
NP_180441.1,H4,canonical_H4,,,15226944,,3702,Arabidopsis thaliana,,,
NP_563627.1,H3,cenH3,,,18378832,,3702,Arabidopsis thaliana,,,
NP_172161.1,H1,generic_H1,,,15222199,,3702,Arabidopsis thaliana,,,
NP_198119.1,H2A,H2A.W,,,15241016,,3702,Arabidopsis thaliana,,,
NP_200795.1,H2A,H2A.W,,,15238549,,3702,Arabidopsis thaliana,,,
NP_172363.1,H2A,H2A.X,,,15223948,,3702,Arabidopsis thaliana,,,
NP_175868.1,H2A,H2A.X,,,15221875,,3702,Arabidopsis thaliana,,,
NP_175683.1,H2A,H2A.Z,,,15219078,,3702,Arabidopsis thaliana,,,
NP_181415.1,H2A,H2A.Z,,,15224957,,3702,Arabidopsis thaliana,,,
NP_191019.1,H2A,H2A.Z,,,15232536,,3702,Arabidopsis thaliana,,,
NP_193093.1,H2A,H2A.Z,,,15236314,,3702,Arabidopsis thaliana,,,
NP_195713.1,H3,H3.3,,,15236103,,3702,Arabidopsis thaliana,,,
XP_010685819.1,H2A,canonical_H2A,,,731349093,,3555,Beta vulgaris subsp. vulgaris,,,
NP_001192525.1,H2A,canonical_H2A,,,329663492,,9913,Bos taurus,,,
NP_001032546.1,H2B,canonical_H2B,,,82697375,,9913,Bos taurus,,,
XP_010816821.1,H1,generic_H1,,,741971516,,9913,Bos taurus,,,
NP_001069955.1,H1,H1.0,,,115496898,,9913,Bos taurus,,,
NP_001069373.1,H2A,H2A.B,,,115495331,,9913,Bos taurus,,,
NP_001071426.1,H2A,H2A.L,,,118151026,,9913,Bos taurus,,,
XP_875023.2,H2A,H2A.L,,,119923405,,9913,Bos taurus,,,
NP_001073248.1,H2A,H2A.X,,,119331192,,9913,Bos taurus,,,
DAA13058.1,H2B,H2B.W,,,296470943,,9913,Bos taurus,,,
NP_991343.1,H2B,subH2B,,,45429973,,9913,Bos taurus,,,
NP_505463.1,H2A,canonical_H2A,,,17562014,,6239,Caenorhabditis elegans,,,
NP_505464.1,H2B,canonical_H2B,,,17558794,,6239,Caenorhabditis elegans,,,
NP_509344.1,H3,canonical_H3,,,17567723,,6239,Caenorhabditis elegans,,,
NP_492641.1,H4,canonical_H4,,,17509199,,6239,Caenorhabditis elegans,,,
NP_499128.1,H3,cenH3,,,17553736,,6239,Caenorhabditis elegans,,,
O17536.3,H1,generic_H1,,,54035964,,6239,Caenorhabditis elegans,,,
P06513.2,H1,H1.0,,,122111,,8855,Cairina moschata,,,
ACO10502.1,H1,H1.10,,,225709312,,217165,Caligus rogercresseyi,,,
XP_008992112.1,H2A,canonical_H2A,,,675650858,,9483,Callithrix jacchus,,,
XP_002763866.1,H2A,H2A.B,,,296237715,,9483,Callithrix jacchus,,,
XP_719887.1,H3,canonical_H3,,,68472183,,237561,Candida albicans SC5314,,,
XP_713710.1,H3,H3.3,,,68484797,,237561,Candida albicans SC5314,,,
XP_005640150.1,H2A,canonical_H2A,,,545554572,,9615,Canis lupus familiaris,,,
XP_548938.1,H2A,H2A.L,,,57112025,,9615,Canis lupus familiaris,,,
XP_548947.1,H2A,H2A.L,,,57112039,,9615,Canis lupus familiaris,,,
XP_005641297.1,H2A,H2A.P,,,545557820,,9615,Canis lupus familiaris,,,
XP_005640164.1,H2B,H2B.1,,,545554624,,9615,Canis lupus familiaris,,,
XP_548517.2,H2B,H2B.W,,,545560116,,9615,Canis lupus familiaris,,,
XP_005640152.1,H1,TS_H1.6,,,545554579,,9615,Canis lupus familiaris,,,
XP_003478913.1,H2A,canonical_H2A,,,348586313,,10141,Cavia porcellus,,,
XP_013006892.1,H2B,canonical_H2B,,,884911570,,10141,Cavia porcellus,,,
XP_003469395.1,H2A,H2A.L,,,348567212,,10141,Cavia porcellus,,,
XP_003469399.1,H2A,H2A.L,,,348567220,,10141,Cavia porcellus,,,
XP_003461969.1,H2B,subH2B,,,348552306,,10141,Cavia porcellus,,,
XP_007634672.1,H2A,canonical_H2A,,,625285905,,10029,Cricetulus griseus,,,
XP_007634673.1,H2B,canonical_H2B,,,625285907,,10029,Cricetulus griseus,,,
XP_003514308.1,H2A,H2A.B,,,354504491,,10029,Cricetulus griseus,,,
XP_003515491.1,H2A,H2A.B,,,354506888,,10029,Cricetulus griseus,,,
XP_003508207.1,H2A,H2A.L,,,354492135,,10029,Cricetulus griseus,,,
XP_003508203.1,H2A,H2A.P,,,354492127,,10029,Cricetulus griseus,,,
XP_003515979.1,H2B,subH2B,,,354507874,,10029,Cricetulus griseus,,,
XP_567545.1,H3,H3.3,,,58260270,,214684,Cryptococcus neoformans var. neoformans JEC21,,,
XP_627120.1,H2A,H2A.X,,,66359884,,353152,Cryptosporidium parvum Iowa II,,,
XP_626045.1,H2A,H2A.Z,,,66357734,,353152,Cryptosporidium parvum Iowa II,,,
XP_005537317.1,H3,canonical_H3,,,544214341,,280699,Cyanidioschyzon merolae strain 10D,,,
XP_005535607.1,H3,cenH3,,,544210412,,280699,Cyanidioschyzon merolae strain 10D,,,
XP_009296490.1,H2A,canonical_H2A,,,688617969,,7955,Danio rerio,,,
NP_957367.1,H2A,H2A.X,,,41055102,,7955,Danio rerio,,,
NP_001036788.1,H2A,H2A.Z,,,112807244,,7955,Danio rerio,,,
NP_705930.1,H2A,H2A.Z,,,24111226,,7955,Danio rerio,,,
NP_001020673.1,H2A,macroH2A,,,70887615,,7955,Danio rerio,,,
XP_460476.1,H3,canonical_H3,,,50423783,,284592,Debaryomyces hansenii CBS767,,,
XP_456791.1,H3,H3.3,,,50408553,,284592,Debaryomyces hansenii CBS767,,,
XP_637656.1,H2A,generic_H2A,,,66807867,,352472,Dictyostelium discoideum AX4,,,
XP_641587.1,H2A,H2A.X,,,66814816,,352472,Dictyostelium discoideum AX4,,,
NP_724343.1,H2A,canonical_H2A,,,24585673,,7227,Drosophila melanogaster,,,
NP_724342.1,H2B,canonical_H2B,,,24585671,,7227,Drosophila melanogaster,,,
CAA32434.1,H3,canonical_H3,,,8070,,7227,Drosophila melanogaster,,,
NP_001027285.1,H3,canonical_H3,,,78706960,,7227,Drosophila melanogaster,,,
NP_001027352.1,H4,canonical_H4,,,78707094,,7227,Drosophila melanogaster,,,
NP_523730.2,H3,cenH3,,,22024004,,7227,Drosophila melanogaster,,,
AAZ66580.1,H1,generic_H1,,,72151622,,7227,Drosophila melanogaster,,,
NP_650383.2,H1,generic_H1,,,28571712,,7227,Drosophila melanogaster,,,
NP_524519.1,H2A,H2A.Z,,,17738227,,7227,Drosophila melanogaster,,,
NP_511095.1,H3,H3.3,,,17530867,,7227,Drosophila melanogaster,,,
XP_005610255.1,H2B,canonical_H2B,,,545217094,,9796,Equus caballus,,,
XP_001504072.1,H2B,subH2B,,,149727070,,9796,Equus caballus,,,
NP_001243880.1,H1,TS_H1.6,,,379643033,,9796,Equus caballus,,,
XP_010887142.1,H1,H1.0,,,742177175,,8010,Esox lucius,,,
NP_001072943.1,H2A,canonical_H2A,,,118405202,,9031,Gallus gallus,,,
NP_001073188.1,H2B,canonical_H2B,,,119331174,,9031,Gallus gallus,,,
NP_001268409.1,H3,canonical_H3,,,527498246,,9031,Gallus gallus,,,
NP_001032934.1,H4,canonical_H4,,,83745133,,9031,Gallus gallus,,,
XP_425456.1,H1,generic_H1,,,50729210,,9031,Gallus gallus,,,
NP_001038138.1,H1,H1.0,,,113206128,,9031,Gallus gallus,,,
NP_001026545.1,H2A,H2A.Z,,,71897327,,9031,Gallus gallus,,,
P02272.2,H2A,H2A.Z,,,121988,,9031,Gallus gallus,,,
AAC28846.1,H2A,macroH2A,,,3395780,,9031,Gallus gallus,,,
NP_001264267.1,H2A,macroH2A,,,472824980,,9031,Gallus gallus,,,
NP_990338.1,H2A,macroH2A,,,45384360,,9031,Gallus gallus,,,
XP_001704715.1,H2A,H2A.X,,,159108895,,5741,Giardia intestinalis,,,
Q7XYZ0.3,H3,canonical_H3,,,73919915,,83288,Griffithsia japonica,,,
AAP80725.1,H3,H3.3,,,32401039,,83288,Griffithsia japonica,,,
XP_001713521.1,H3,canonical_H3,,,162606012,,55529,Guillardia theta,,,
AAK39657.1,H3,cenH3,,,13794280,,55529,Guillardia theta,,,
XP_004847876.1,H2A,canonical_H2A,,,512971505,,10181,Heterocephalus glaber,,,
XP_012928647.1,H2B,canonical_H2B,,,861442736,,10181,Heterocephalus glaber,,,
XP_012928609.1,H4,canonical_H4,,,861442511,,10181,Heterocephalus glaber,,,
EHB05905.1,H2A,H2A.B,,,351702986,,10181,Heterocephalus glaber,,,
EHB04253.1,H2A,H2A.L,,,351701334,,10181,Heterocephalus glaber,,,
EHB10563.1,H2A,H2A.L,,,351707644,,10181,Heterocephalus glaber,,,
EHB17227.1,H2A,H2A.L,,,351714308,,10181,Heterocephalus glaber,,,
EHB10562.1,H2A,H2A.P,,,351707643,,10181,Heterocephalus glaber,,,
XP_004885290.1,H2B,subH2B,,,512843645,,10181,Heterocephalus glaber,,,
NP_001035807.1,H2A,canonical_H2A,,,106775678,,9606,Homo sapiens,,,
NP_003500.1,H2A,canonical_H2A,,,4504239,,9606,Homo sapiens,,,
NP_003501.1,H2A,canonical_H2A,,,4504241,,9606,Homo sapiens,,,
NP_003502.1,H2A,canonical_H2A,,,4504243,,9606,Homo sapiens,,,
NP_003503.1,H2A,canonical_H2A,,,4504245,,9606,Homo sapiens,,,
NP_003504.2,H2A,canonical_H2A,,,19557656,,9606,Homo sapiens,,,
NP_003505.1,H2A,canonical_H2A,,,4504249,,9606,Homo sapiens,,,
NP_003507.1,H2A,canonical_H2A,,,4504251,,9606,Homo sapiens,,,
NP_003508.1,H2A,canonical_H2A,,,24638446,,9606,Homo sapiens,,,
NP_066390.1,H2A,canonical_H2A,,,10645195,,9606,Homo sapiens,,,
NP_066408.1,H2A,canonical_H2A,,,10800132,,9606,Homo sapiens,,,
NP_066409.1,H2A,canonical_H2A,,,10800130,,9606,Homo sapiens,,,
NP_066544.1,H2A,canonical_H2A,,,10800144,,9606,Homo sapiens,,,
NP_254280.1,H2A,canonical_H2A,,,15617199,,9606,Homo sapiens,,,
NP_542163.1,H2A,canonical_H2A,,,18105045,,9606,Homo sapiens,,,
NP_778235.1,H2A,canonical_H2A,,,28195394,,9606,Homo sapiens,,,
NP_001019770.1,H2B,canonical_H2B,,,66912162,,9606,Homo sapiens,,,
NP_001154806.1,H2B,canonical_H2B,,,238624110,,9606,Homo sapiens,,,
NP_001299582.1,H2B,canonical_H2B,,,914705209,,9606,Homo sapiens,,,
NP_003509.1,H2B,canonical_H2B,,,4504257,,9606,Homo sapiens,,,
NP_003510.1,H2B,canonical_H2B,,,4504259,,9606,Homo sapiens,,,
NP_003511.1,H2B,canonical_H2B,,,4504261,,9606,Homo sapiens,,,
NP_003512.1,H2B,canonical_H2B,,,4504263,,9606,Homo sapiens,,,
NP_003513.1,H2B,canonical_H2B,,,4504265,,9606,Homo sapiens,,,
NP_003514.2,H2B,canonical_H2B,,,21396484,,9606,Homo sapiens,,,
NP_003515.1,H2B,canonical_H2B,,,4504269,,9606,Homo sapiens,,,
NP_003516.1,H2B,canonical_H2B,,,4504271,,9606,Homo sapiens,,,
NP_003517.2,H2B,canonical_H2B,,,21166389,,9606,Homo sapiens,,,
NP_003518.2,H2B,canonical_H2B,,,16306566,,9606,Homo sapiens,,,
NP_003519.1,H2B,canonical_H2B,,,4504277,,9606,Homo sapiens,,,
NP_066402.2,H2B,canonical_H2B,,,20336754,,9606,Homo sapiens,,,
NP_066406.1,H2B,canonical_H2B,,,10800140,,9606,Homo sapiens,,,
NP_066407.1,H2B,canonical_H2B,,,10800138,,9606,Homo sapiens,,,
NP_778225.1,H2B,canonical_H2B,,,28173554,,9606,Homo sapiens,,,
NP_001005464.1,H3,canonical_H3,,,53793688,,9606,Homo sapiens,,,
NP_001116847.1,H3,canonical_H3,,,183076548,,9606,Homo sapiens,,,
NP_001342338.1,H3,canonical_H3,,,1243455799,,9606,Homo sapiens,,,
NP_003520.1,H3,canonical_H3,,,4504281,,9606,Homo sapiens,,,
NP_003521.2,H3,canonical_H3,,,21071021,,9606,Homo sapiens,,,
NP_003522.1,H3,canonical_H3,,,4504285,,9606,Homo sapiens,,,
NP_003523.1,H3,canonical_H3,,,4504287,,9606,Homo sapiens,,,
NP_003524.1,H3,canonical_H3,,,4504289,,9606,Homo sapiens,,,
NP_003525.1,H3,canonical_H3,,,4504291,,9606,Homo sapiens,,,
NP_003526.1,H3,canonical_H3,,,4504293,,9606,Homo sapiens,,,
NP_003527.1,H3,canonical_H3,,,4504295,,9606,Homo sapiens,,,
NP_003528.1,H3,canonical_H3,,,4504297,,9606,Homo sapiens,,,
NP_066298.1,H3,canonical_H3,,,10440560,,9606,Homo sapiens,,,
NP_066403.2,H3,canonical_H3,,,31742503,,9606,Homo sapiens,,,
NP_001029249.1,H4,canonical_H4,,,77539758,,9606,Homo sapiens,,,
NP_003486.1,H4,canonical_H4,,,4504321,,9606,Homo sapiens,,,
NP_003529.1,H4,canonical_H4,,,4504301,,9606,Homo sapiens,,,
NP_003530.1,H4,canonical_H4,,,4504303,,9606,Homo sapiens,,,
NP_003531.1,H4,canonical_H4,,,4504305,,9606,Homo sapiens,,,
NP_003532.1,H4,canonical_H4,,,4504307,,9606,Homo sapiens,,,
NP_003533.1,H4,canonical_H4,,,4504309,,9606,Homo sapiens,,,
NP_003534.1,H4,canonical_H4,,,4504311,,9606,Homo sapiens,,,
NP_003535.1,H4,canonical_H4,,,4504313,,9606,Homo sapiens,,,
NP_003536.1,H4,canonical_H4,,,4504315,,9606,Homo sapiens,,,
NP_003537.1,H4,canonical_H4,,,4504317,,9606,Homo sapiens,,,
NP_003538.1,H4,canonical_H4,,,4504319,,9606,Homo sapiens,,,
NP_003539.1,H4,canonical_H4,,,4504323,,9606,Homo sapiens,,,
NP_068803.1,H4,canonical_H4,,,11415030,,9606,Homo sapiens,,,
NP_778224.1,H4,canonical_H4,,,28173560,,9606,Homo sapiens,,,
NP_001035891.1,H3,cenH3,,,109637779,,9606,Homo sapiens,,,
NP_001800.1,H3,cenH3,,,4502775,,9606,Homo sapiens,,,
NP_005309.1,H1,H1.0,,,4885371,,9606,Homo sapiens,,,
NP_005316.1,H1,H1.1,,,4885373,,9606,Homo sapiens,,,
NP_006017.1,H1,H1.10,,,5174449,,9606,Homo sapiens,,,
NP_005310.1,H1,H1.2,,,4885375,,9606,Homo sapiens,,,
NP_005311.1,H1,H1.3,,,4885377,,9606,Homo sapiens,,,
NP_005312.1,H1,H1.4,,,4885379,,9606,Homo sapiens,,,
NP_005313.1,H1,H1.5,,,4885381,,9606,Homo sapiens,,,
NP_734466.1,H2A,H2A.1,,,25092737,,9606,Homo sapiens,,,
NP_001017990.1,H2A,H2A.B,,,63029941,,9606,Homo sapiens,,,
NP_001017991.1,H2A,H2A.B,,,63029943,,9606,Homo sapiens,,,
NP_542451.1,H2A,H2A.B,,,63029935,,9606,Homo sapiens,,,
NP_808760.1,H2A,H2A.J,,,29553970,,9606,Homo sapiens,,,
AAC26851.1,H2A,H2A.P,,,3329433,,9606,Homo sapiens,,,
NP_036406.1,H2A,H2A.P,,,150456434,,9606,Homo sapiens,,,
NP_002096.1,H2A,H2A.X,,,4504253,,9606,Homo sapiens,,,
NP_002097.1,H2A,H2A.Z,,,4504255,,9606,Homo sapiens,,,
NP_036544.1,H2A,H2A.Z,,,6912616,,9606,Homo sapiens,,,
NP_619541.1,H2A,H2A.Z,,,20357599,,9606,Homo sapiens,,,
NP_958844.1,H2A,H2A.Z,,,41406067,,9606,Homo sapiens,,,
NP_958924.1,H2A,H2A.Z,,,41406069,,9606,Homo sapiens,,,
NP_958925.1,H2A,H2A.Z,,,41406071,,9606,Homo sapiens,,,
NP_733759.1,H2B,H2B.1,,,24586679,,9606,Homo sapiens,,,
NP_059141.1,H2B,H2B.S,,,11036646,,9606,Homo sapiens,,,
NP_001002916.4,H2B,H2B.W,,,1928577664,,9606,Homo sapiens,,,
Q7Z2G1.2,H2B,H2B.W,,,223590216,,9606,Homo sapiens,,,
AAH81561.1,H3,H3.3,,,51859376,,9606,Homo sapiens,,,
NP_002098.1,H3,H3.3,,,4504279,,9606,Homo sapiens,,,
NP_005315.1,H3,H3.3,,,4885385,,9606,Homo sapiens,,,
NP_001013721.2,H3,H3.5,,,188528667,,9606,Homo sapiens,,,
EAX08008.1,H3,H3.Y,,,119628413,,9606,Homo sapiens,,,
NP_001342187.1,H3,H3.Y,,,1241841569,,9606,Homo sapiens,,,
NP_001358848.1,H3,H3.Y,,,1708718875,,9606,Homo sapiens,,,
NP_001035248.1,H2A,macroH2A,,,93141020,,9606,Homo sapiens,,,
NP_061119.1,H2A,macroH2A,,,8923920,,9606,Homo sapiens,,,
NP_613075.1,H2A,macroH2A,,,20336746,,9606,Homo sapiens,,,
NP_613258.2,H2A,macroH2A,,,93141018,,9606,Homo sapiens,,,
XP_005272189.1,H2A,macroH2A,,,530380257,,9606,Homo sapiens,,,
NP_001295191.1,H1,OO_H1.8,,,815891235,,9606,Homo sapiens,,,
NP_722575.1,H1,OO_H1.8,,,24475863,,9606,Homo sapiens,,,
NP_005314.2,H1,TS_H1.6,,,20544168,,9606,Homo sapiens,,,
NP_861453.1,H1,TS_H1.7,,,32401437,,9606,Homo sapiens,,,
P60008.1,H1,TS_H1.9,,,38372285,,9606,Homo sapiens,,,
NP_003484.1,H3,TS_H3.4,,,4504299,,9606,Homo sapiens,,,
EEC09557.1,H2A,canonical_H2A,,,215500063,,6945,Ixodes scapularis,,,
XP_002403551.1,H2A,macroH2A,,,241122402,,6945,Ixodes scapularis,,,
XP_003422330.1,H2A,canonical_H2A,,,344307320,,9785,Loxodonta africana,,,
XP_003422331.1,H2B,canonical_H2B,,,344307322,,9785,Loxodonta africana,,,
XP_003421752.1,H2A,H2A.B,,,344306151,,9785,Loxodonta africana,,,
XP_003407998.1,H2B,subH2B,,,344272356,,9785,Loxodonta africana,,,
NP_001180653.1,H2A,canonical_H2A,,,302565564,,9544,Macaca mulatta,,,
NP_001180643.1,H3,canonical_H3,,,302565464,,9544,Macaca mulatta,,,
NP_001180843.1,H2A,H2A.B,,,302564935,,9544,Macaca mulatta,,,
EHH30639.1,H2A,H2A.P,,,355704714,,9544,Macaca mulatta,,,
NP_001180847.1,H2B,H2B.W,,,302564969,,9544,Macaca mulatta,,,
XP_001095287.1,H2B,subH2B,,,109077646,,9544,Macaca mulatta,,,
NP_001074230.1,H1,TS_H1.6,,,124053434,,9544,Macaca mulatta,,,
XP_011741102.1,H2B,canonical_H2B,,,795655520,,9545,Macaca nemestrina,,,
XP_007485414.1,H2A,canonical_H2A,,,612000617,,13616,Monodelphis domestica,,,
XP_007485418.1,H2B,canonical_H2B,,,612000632,,13616,Monodelphis domestica,,,
XP_001370540.1,H2A,H2A.X,,,126326560,,13616,Monodelphis domestica,,,
XP_001366286.1,H2B,subH2B,,,126320607,,13616,Monodelphis domestica,,,
NP_835489.1,H2A,canonical_H2A,,,30061393,,10090,Mus musculus,,,
NP_783595.1,H2B,canonical_H2B,,,28316760,,10090,Mus musculus,,,
NP_659539.1,H3,canonical_H3,,,21489955,,10090,Mus musculus,,,
NP_291074.1,H4,canonical_H4,,,21361209,,10090,Mus musculus,,,
NP_031707.1,H3,cenH3,,,6680920,,10090,Mus musculus,,,
NP_056601.1,H1,generic_H1,,,9845257,,10090,Mus musculus,,,
NP_085112.1,H1,generic_H1,,,21426823,,10090,Mus musculus,,,
NP_032223.2,H1,H1.0,,,31560697,,10090,Mus musculus,,,
NP_783589.1,H2A,H2A.1,,,28316756,,10090,Mus musculus,,,
NP_001268459.1,H2A,H2A.B,,,528078357,,10090,Mus musculus,,,
NP_001268460.1,H2A,H2A.B,,,528078359,,10090,Mus musculus,,,
NP_080903.1,H2A,H2A.L,,,13386112,,10090,Mus musculus,,,
NP_083864.1,H2A,H2A.L,,,13386420,,10090,Mus musculus,,,
NP_080372.1,H2A,H2A.P,,,13385600,,10090,Mus musculus,,,
NP_034566.1,H2A,H2A.X,,,7106331,,10090,Mus musculus,,,
NP_783594.1,H2B,H2B.1,,,28316750,,10090,Mus musculus,,,
NP_032236.1,H3,H3.3,,,6680159,,10090,Mus musculus,,,
NP_612184.1,H1,OO_H1.8,,,19923865,,10090,Mus musculus,,,
NP_081340.1,H2B,subH2B,,,254588081,,10090,Mus musculus,,,
NP_034507.2,H1,TS_H1.6,,,112807207,,10090,Mus musculus,,,
NP_081580.2,H1,TS_H1.7,,,257196238,,10090,Mus musculus,,,
NP_061262.1,H1,TS_H1.9,,,9055232,,10090,Mus musculus,,,
EDO48405.1,H2A,canonical_H2A,,,156227602,,45351,Nematostella vectensis,,,
EDO46289.1,H2A,H2A.Z,,,156225472,,45351,Nematostella vectensis,,,
XP_001637578.1,H2A,macroH2A,,,156396795,,45351,Nematostella vectensis,,,
XP_956003.1,H3,H3.3,,,85077297,,367110,Neurospora crassa OR74A,,,
XP_004088806.1,H2A,canonical_H2A,,,441622123,,61853,Nomascus leucogenys,,,
XP_003282204.1,H2A,H2A.B,,,332266419,,61853,Nomascus leucogenys,,,
ACO07616.1,H1,H1.10,,,225703540,,8022,Oncorhynchus mykiss,,,
XP_008246690.1,H2A,canonical_H2A,,,655885615,,9986,Oryctolagus cuniculus,,,
XP_008246696.1,H2B,canonical_H2B,,,655885637,,9986,Oryctolagus cuniculus,,,
XP_002719866.1,H2A,H2A.L,,,291407314,,9986,Oryctolagus cuniculus,,,
XP_002720052.1,H2A,H2A.L,,,291407300,,9986,Oryctolagus cuniculus,,,
XP_002720211.1,H2B,H2B.W,,,291407712,,9986,Oryctolagus cuniculus,,,
NP_001066688.1,H2A,canonical_H2A,,,115488402,,39947,Oryza sativa Japonica Group,,,
NP_001044904.1,H3,canonical_H3,,,115441249,,39947,Oryza sativa Japonica Group,,,
NP_001050276.1,H3,canonical_H3,,,115453351,,39947,Oryza sativa Japonica Group,,,
NP_001066920.1,H2A,H2A.X,,,115488866,,39947,Oryza sativa Japonica Group,,,
NP_001051232.1,H2A,H2A.Z,,,115455263,,39947,Oryza sativa Japonica Group,,,
ACO09903.1,H1,H1.10,,,225708114,,8014,Osmerus mordax,,,
XP_003804825.1,H3,TS_H3.4,,,397466137,,9597,Pan paniscus,,,
XP_009448979.1,H2A,canonical_H2A,,,694915112,,9598,Pan troglodytes,,,
XP_527254.2,H3,canonical_H3,,,114605759,,9598,Pan troglodytes,,,
XP_001145032.1,H2A,H2A.B,,,114690754,,9598,Pan troglodytes,,,
XP_003317470.1,H2A,H2A.P,,,332860554,,9598,Pan troglodytes,,,
XP_003954426.1,H3,H3.5,,,410046862,,9598,Pan troglodytes,,,
P02291.2,H2B,sperm_H2B,,,108885304,,7658,Parechinus angulosus,,,
EER16127.1,H2A,canonical_H2A,,,239897365,,423536,Perkinsus marinus ATCC 50983,,,
XP_002788889.1,H3,canonical_H3,,,294956322,,423536,Perkinsus marinus ATCC 50983,,,
XP_002767160.1,H3,cenH3,,,294874934,,423536,Perkinsus marinus ATCC 50983,,,
XP_002784006.1,H2A,H2A.X,,,294943912,,423536,Perkinsus marinus ATCC 50983,,,
XP_002776752.1,H2A,H2A.Z,,,294899805,,423536,Perkinsus marinus ATCC 50983,,,
XP_002784054.1,H2A,H2A.Z,,,294944035,,423536,Perkinsus marinus ATCC 50983,,,
XP_002784055.1,H2A,H2A.Z,,,294944037,,423536,Perkinsus marinus ATCC 50983,,,
ACI22865.1,H1,TS_H1.9,,,207081162,,564181,Peromyscus californicus insignis,,,
XP_002999294.1,H3,canonical_H3,,,301115049,,403677,Phytophthora infestans T30-4,,,
XP_002895320.1,H3,H3.3,,,301090188,,403677,Phytophthora infestans T30-4,,,
XP_009526809.1,H3,cenH3,,,695416328,,67593,Phytophthora sojae,,,
XP_678689.1,H2B,H2B.Z,,,68073549,,5823,Plasmodium berghei ANKA,,,
XP_001350068.1,H3,cenH3,,,124513424,,36329,Plasmodium falciparum 3D7,,,
XP_001349046.1,H2B,H2B.Z,,,124511826,,36329,Plasmodium falciparum 3D7,,,
XP_966164.1,H3,H3.3,,,86171194,,36329,Plasmodium falciparum 3D7,,,
XP_724814.1,H3,canonical_H3,,,82541094,,5861,Plasmodium yoelii,,,
XP_725474.1,H3,H3.3,,,82594554,,5861,Plasmodium yoelii,,,
NP_001127680.1,H1,H1.0,,,197098626,,9601,Pongo abelii,,,
AAA30025.1,H2B,canonical_H2B,,,161386,,7660,Psammechinus miliaris,,,
Q27749.3,H2B,sperm_H2B,,,74767039,,7660,Psammechinus miliaris,,,
Q27750.3,H2B,sperm_H2B,,,108860775,,7660,Psammechinus miliaris,,,
NP_068612.2,H2A,canonical_H2A,,,75832135,,10116,Rattus norvegicus,,,
NP_072173.1,H2B,canonical_H2B,,,12025526,,10116,Rattus norvegicus,,,
NP_579819.1,H1,generic_H1,,,18959218,,10116,Rattus norvegicus,,,
NP_036710.1,H1,H1.0,,,6981004,,10116,Rattus norvegicus,,,
NP_001128070.1,H2A,H2A.P,,,197386154,,10116,Rattus norvegicus,,,
NP_001102761.1,H2A,H2A.X,,,157817664,,10116,Rattus norvegicus,,,
NP_072169.1,H2B,H2B.1,,,12025524,,10116,Rattus norvegicus,,,
NP_446437.1,H3,H3.3,,,16758888,,10116,Rattus norvegicus,,,
NP_036711.1,H1,TS_H1.6,,,6981006,,10116,Rattus norvegicus,,,
NP_001103035.1,H1,TS_H1.9,,,157818369,,10116,Rattus norvegicus,,,
XP_011105792.1,H1,scH1,,,748455219,,1160507,Saccharomyces arboricola H-6,,,
NP_009553.1,H2B,canonical_H2B,,,6319471,,559292,Saccharomyces cerevisiae S288C,,,
NP_010510.3,H2B,canonical_H2B,,,398366183,,559292,Saccharomyces cerevisiae S288C,,,
NP_009563.1,H4,canonical_H4,,,6319481,,559292,Saccharomyces cerevisiae S288C,,,
NP_012875.2,H3,cenH3,,,27808712,,559292,Saccharomyces cerevisiae S288C,,,
NP_009552.1,H2A,H2A.X,,,6319470,,559292,Saccharomyces cerevisiae S288C,,,
NP_010511.3,H2A,H2A.X,,,398366187,,559292,Saccharomyces cerevisiae S288C,,,
NP_014631.1,H2A,H2A.Z,,,6324562,,559292,Saccharomyces cerevisiae S288C,,,
NP_009564.1,H3,H3.3,,,6319482,,559292,Saccharomyces cerevisiae S288C,,,
NP_015198.1,H1,scH1,,,6325130,,559292,Saccharomyces cerevisiae S288C,,,
ACH70944.1,H1,H1.0,,,197632441,,8030,Salmo salar,,,
ACM08534.1,H1,H1.0,,,221219746,,8030,Salmo salar,,,
ACM09660.1,H1,H1.0,,,221221998,,8030,Salmo salar,,,
ACM09455.1,H1,H1.10,,,221221588,,8030,Salmo salar,,,
ACM09522.1,H1,TS_H1.6,,,221221722,,8030,Salmo salar,,,
NP_596473.1,H3,cenH3,,,19113265,,4896,Schizosaccharomyces pombe,,,
NP_594421.1,H2A,H2A.X,,,19115333,,4896,Schizosaccharomyces pombe,,,
NP_595630.3,H2A,H2A.Z,,,429240082,,4896,Schizosaccharomyces pombe,,,
P10651.2,H3,H3.3,,,122076,,284812,Schizosaccharomyces pombe 972h-,,,
XP_002977792.1,H3,canonical_H3,,,302792052,,88036,Selaginella moellendorffii,,,
NP_999710.2,H2B,canonical_H2B,,,62909990,,7668,Strongylocentrotus purpuratus,,,
NP_999707.1,H4,canonical_H4,,,47551061,,7668,Strongylocentrotus purpuratus,,,
NP_999714.1,H1,generic_H1,,,47551077,,7668,Strongylocentrotus purpuratus,,,
NP_999720.1,H1,generic_H1,,,47551091,,7668,Strongylocentrotus purpuratus,,,
NP_999722.1,H1,H1.0,,,47551095,,7668,Strongylocentrotus purpuratus,,,
NP_999706.1,H2B,sperm_H2B,,,47551059,,7668,Strongylocentrotus purpuratus,,,
NP_999721.1,H2B,sperm_H2B,,,47551083,,7668,Strongylocentrotus purpuratus,,,
XP_003356618.1,H2A,canonical_H2A,,,335291892,,9823,Sus scrofa,,,
XP_005665716.1,H2B,canonical_H2B,,,545837877,,9823,Sus scrofa,,,
XP_003135571.1,H2A,H2A.B,,,311277259,,9823,Sus scrofa,,,
XP_003360303.2,H2A,H2A.L,,,350595614,,9823,Sus scrofa,,,
XP_003484147.1,H2A,H2A.L,,,350595620,,9823,Sus scrofa,,,
XP_003135058.1,H2A,H2A.P,,,311276123,,9823,Sus scrofa,,,
XP_003134084.1,H2B,subH2B,,,311273883,,9823,Sus scrofa,,,
XP_004175972.1,H1,H1.0,,,449481975,,59729,Taeniopygia guttata,,,
AAC37292.1,H2A,canonical_H2A,,,310872,,5911,Tetrahymena thermophila,,,
AAC37291.1,H2A,H2A.X,,,310870,,5911,Tetrahymena thermophila,,,
CAA33554.1,H2A,H2A.Z,,,10823,,5911,Tetrahymena thermophila,,,
XP_001016594.3,H3,canonical_H3,,,229595561,,312017,Tetrahymena thermophila SB210,,,
XP_001016593.1,H4,canonical_H4,,,118366755,,312017,Tetrahymena thermophila SB210,,,
XP_001011273.1,H3,cenH3,,,118356028,,312017,Tetrahymena thermophila SB210,,,
XP_001008397.1,H3,H3.3,,,118350232,,312017,Tetrahymena thermophila SB210,,,
XP_002288694.1,H3,canonical_H3,,,223998042,,296543,Thalassiosira pseudonana CCMP1335,,,
XP_002287626.1,H3,cenH3,,,223995905,,296543,Thalassiosira pseudonana CCMP1335,,,
EED88841.1,H1,H1.0,,,220970504,,296543,Thalassiosira pseudonana CCMP1335,,,
XP_002293701.1,H3,H3.3,,,224009486,,296543,Thalassiosira pseudonana CCMP1335,,,
AAM95790.1,H3,H3.3,,,22476750,,5811,Toxoplasma gondii,,,
XP_002365268.1,H2A,canonical_H2A,,,237831941,,508771,Toxoplasma gondii ME49,,,
XP_002365290.1,H2A,H2A.X,,,237831985,,508771,Toxoplasma gondii ME49,,,
XP_002371743.1,H2A,H2A.Z,,,237844891,,508771,Toxoplasma gondii ME49,,,
XP_002369740.1,H2B,H2B.Z,,,237840885,,508771,Toxoplasma gondii ME49,,,
XP_006969783.1,H3,H3.3,,,589115521,,431241,Trichoderma reesei QM6a,,,
XP_002116274.1,H2A,H2A.X,,,196012824,,10228,Trichoplax adhaerens,,,
XP_002111498.1,H2A,H2A.Z,,,196003262,,10228,Trichoplax adhaerens,,,
XP_002111582.1,H2A,macroH2A,,,196003430,,10228,Trichoplax adhaerens,,,
XP_845905.1,H2A,canonical_H2A,,,72391222,,185431,Trypanosoma brucei brucei TREU927,,,
XP_823266.1,H2B,canonical_H2B,,,71748422,,185431,Trypanosoma brucei brucei TREU927,,,
XP_001218942.1,H3,canonical_H3,,,115504299,,185431,Trypanosoma brucei brucei TREU927,,,
XP_951561.1,H4,canonical_H4,,,84043542,,185431,Trypanosoma brucei brucei TREU927,,,
XP_846259.1,H2A,H2A.Z,,,72391930,,185431,Trypanosoma brucei brucei TREU927,,,
XP_011387544.1,H2A,H2A.X,,,758974979,,237631,Ustilago maydis 521,,,
NP_001087948.1,H2A,canonical_H2A,,,147898582,,8355,Xenopus laevis,,,
NP_001086753.1,H2B,canonical_H2B,,,148222089,,8355,Xenopus laevis,,,
NP_001091119.1,H3,canonical_H3,,,148234575,,8355,Xenopus laevis,,,
NP_001087926.1,H4,canonical_H4,,,148228507,,8355,Xenopus laevis,,,
NP_001081535.1,H1,generic_H1,,,147903543,,8355,Xenopus laevis,,,
NP_001080265.1,H1,H1.10,,,147898445,,8355,Xenopus laevis,,,
NP_001087957.1,H1,TS_H1.6,,,147901299,,8355,Xenopus laevis,,,
NP_998836.1,H1,H1.0,,,47498062,,8364,Xenopus tropicalis,,,
NP_001132837.1,H2A,canonical_H2A,,,212723398,,4577,Zea mays,,,
NP_001141988.1,H2A,canonical_H2A,,,226504426,,4577,Zea mays,,,
NP_001131585.1,H4,canonical_H4,,,212722314,,4577,Zea mays,,,
P23444.2,H1,generic_H1,,,121950,,4577,Zea mays,,,
NP_001105357.1,H2A,H2A.W,,,162458988,,4577,Zea mays,,,
NP_001141182.1,H2A,H2A.W,,,226492688,,4577,Zea mays,,,
NP_001183143.1,H2A,H2A.W,,,308080448,,4577,Zea mays,,,
NP_001183439.1,H2A,H2A.W,,,308081862,,4577,Zea mays,,,
NP_001183510.1,H2A,H2A.W,,,308080088,,4577,Zea mays,,,
NP_001278724.1,H2A,H2A.W,,,620597319,,4577,Zea mays,,,
NP_001281214.1,H2A,H2A.W,,,659928085,,4577,Zea mays,,,
XP_008644553.1,H2A,H2A.X,,,670405864,,4577,Zea mays,,,
XP_008662624.1,H2A,H2A.X,,,670444449,,4577,Zea mays,,,
NP_001136523.1,H2A,H2A.Z,,,219362481,,4577,Zea mays,,,
NP_001141633.1,H2A,H2A.Z,,,226532207,,4577,Zea mays,,,
NONCBI_H3Y_1,H3,H3.Y,,,NOGI,,9606,Homo sapiens,,,ARTKQTARKATAWQAPRKPLATKAAGKRAPPTGGIKKPHRYKPGTLALREIRKYQKSTQLLLRKLPFQRLVREIAQAISPDLRFQSAAIGALQEASEAYLVQLFEDTNLCAIHARRVTIMPRDMQLARRLRREGP
NONCBI_H3Y_4,H3,H3.Y,,,NOGI,,9606,Homo sapiens,,,ARTKQTARKATAWQAPRKPLATKAARKRASPTGGIKKPHRYKPGTLALREIRKYQKSTQLLLRKLPFQRLVREIAQAISPDLRFQSAAIGALQEASEAYLVQLFEDTNLCAIHARRVTIMPRDMQLARRLRGEGAGEPTLLGNLAL
NONCBI_H3Y_5,H3,H3.Y,,,NOGI,,9606,Homo sapiens,,,AVAMAGMTQVLVWELHHCPCFLTPVLPAAGQAQPQRGESTRPHNMARTKQTARKATAWQAPRKPLATKAARKRASPTGGIKKPHRYKPGTLALREIRKYQKSTQLLLRKLPFQRLVREIAQAISPDLRFQSAAIGALQEASEAYLVQLFEDTNLCAIHARRVTIMPRDMQLARRLRGEGAGEPTLLGNLAL
NONCBI_H3Y_6,H3,H3.Y,,,NOGI,,9544,Macaca mulatta,,,ARTKQTARKATNWQAPRKPLATKAAAKRAPPRGGIKKPHRYKPGTQALREIRKYQKSTQLLLRKLPFQCLVREIAQVISLDLRFQSAAIGALQEASEAYLVNLFEDTNLCAIHARRVTIMPRDMQLARRIRGEGAXEPTLLGNVAL
NONCBI_H3Y_7,H3,H3.Y,,,NOGI,,9544,Macaca mulatta,,,ARTKQTARKATNWQAPRKPLATKAPGKRLPPRGGIKKPHRYRPGTQALREIRKYQKSTQLLLRKLPFQRLVREIAQAISPDLRFQSAAIGALQEASEAYLVNLFEDTNLCAIHARRVTIMPRDMQLARRIRGEGA
NONCBI_H3Y_2,H3,H3.Y,,,NOGI,,9598,Pan troglodytes,,,ARTKQTARKATAWQAPRKPLATKAAGKRAPPTGGIKKPHRYKPGTLALREIRKYQKSTQLLLRKLPFQRLVREIAQAISPDLRFQSAAIGALQEASEAYLVQLFEDTNLCAIHARRVTIMPRDMQLARRLRREGP
NONCBI_H3Y_3,H3,H3.Y,,,NOGI,,9598,Pan troglodytes,,,ARTKQTARKATAWQAPRKPLATKAARKRASPTGGIKKPHRYKPGTLALREIRKYQKSTQLLLRKLPFQRLVREIAQAISLDLRFQSAAIGALQEASEAYLVQLFEDTNLCAIHARRVTIMPQDMQLARRLRGEGAREPTLLGNLAL
